Cluster ID,Binary String,ID,Match Score,Exact String,False Negatives,False Positives,Row Shifts,Column Shifts,Fit Quality,X Position,Y Position,Theta,Group Number
0,b00000000100000001110011011001000111101000000010000111010010101001000110000011000,5,4423.4318222450365,b0000000101111100110000001100100110100100011111001000000001011110110011010000100,16,11,0,0,0.765279014,24.301599039114294,427.38147909564316,4.044176811982396,0
1,b10011001111000110100011001111010111111100111111110001011010100101011000000001100,5,2091.445437127792,b0000000101111100110000001100100110100100011111001000000001011110110011010000100,11,22,0,0,0.9172857526982443,395.3501180747988,52.952214554446606,2.0840488161791733,0
2,b00010000000101110010011010001001001111100110111100110111100001000011100100000110,5,4855.861938418022,b0000000101111100110000001100100110100100011111001000000001011110110011010000100,11,14,0,0,0.7484091992133265,317.1934785003534,89.26161181616963,4.3881223928510895,0
3,b00010000101100010111100000000001001111100010000100010011000000111001110010000000,5,9787.298291,b0000000101111100110000001100100110100100011111001000000001011110110011010000100,6,1,0,0,0.6892795511062173,56.02584669691053,148.35973113650937,0.9870668273299675,0
4,b00010000101000110010000001000011001110100010111110010011000000110000110010000110,5,7455.426135,b0000000101111100110000001100100110100100011111001000000001011110110011010000100,9,6,0,0,0.7605695117106887,303.00012047936565,33.228676364258725,5.773251018299358,1
5,b00010000101100010101001000000001001111100010010110010001000000010001110000000000,5,10559.778257976901,b0000000101111100110000001100100110100100011111001000000001011110110011010000100,8,0,0,0,0.6297951132920694,281.0760214054416,295.75673161813216,3.6564050828839276,2
6,b00010000100100110100101000000001001111100010011110010011000000110000111000000100,5,8828.340111437237,b0000000101111100110000001100100110100100011111001000000001011110110011010000100,6,2,0,0,0.7154884888275806,20.20619486,87.47888903602662,1.8280374288627022,3
7,b00011000001010010110011010000101010110100110100100001010111010101010110100010001,5,3189.104410625914,b0000000101111100110000001100100110100100011111001000000001011110110011010000100,15,17,0,0,0.7691555198766679,250.9962519820157,260.0537605684309,2.4632577439539634,4
8,b00010000000101110101101000000001001111100010000110010011000000100001100010000000,5,9354.958466,b0000000101111100110000001100100110100100011111001000000001011110110011010000100,8,1,0,0,0.6826636237540606,451.42051248408603,369.9362177479043,4.028352503782266,4
9,b00010000101101000010101010001011100111100110111110010011010001110001110010000100,5,6396.653392595654,b0000000101111100110000001100100110100100011111001000000001011110110011010000100,7,11,0,0,0.7839084661689207,91.42295743492294,63.82922160932874,4.207350104686855,5
10,b00010000000100010010001000011100000100100010011110000011011000000100000100001110,5,3697.7494613996714,b0000000101111100110000001100100110100100011111001000000001011110110011010000100,19,11,0,0,0.7860005290360979,263.7839213345958,387.44453053582265,3.736789074667743,5
11,b10011000000000010111110000001001101111100010110110000111000001100111100100000000,5,4564.549159,b0000000101111100110000001100100110100100011111001000000001011110110011010000100,10,10,0,0,0.7789613768976756,483.9557310140535,284.5987547475462,3.4921596080229556,5
12,b00010000101100010011100000000001001111100010010110000011000000100001110000000100,5,9142.801695,b0000000101111100110000001100100110100100011111001000000001011110110011010000100,8,1,0,0,0.6908634498804174,81.05272932019581,455.0297991428441,1.461412008728423,5
13,b00000000000000001000000011100000011000000110000000000100000000000000000000000000,5,2488.721626194613,b0000000101111100110000001100100110100100011111001000000001011110110011010000100,26,3,-1,0,0.7231758088927935,472.0664982129169,67.83131047320622,0.9416257428841914,6
14,b00010000101100011111001000000001001111100110000110010011000000110011111010000000,5,9403.67241,b0000000101111100110000001100100110100100011111001000000001011110110011010000100,3,2,0,0,0.7351484603315739,481.00162423866925,206.55968976864938,3.1870509381818763,6
15,b00010000101100010011101000000001100111100010010110000011000000110001110011000000,5,8252.395666,b0000000101111100110000001100100110100100011111001000000001011110110011010000100,6,2,0,0,0.8757967671348641,216.66575206959354,120.97332547980068,1.5573859258536364,7
16,b00010000101100010110100000000001001110100000010110000011000000100001111010000000,5,9885.778529058236,b0000000101111100110000001100100110100100011111001000000001011110110011010000100,8,0,0,0,0.6600798522546824,178.2448213520834,442.39840568310603,2.7435898942367256,8
17,b00010000001000110010101001001100011101000110111110110111010001000000100100000010,5,3680.7050495100507,b0000000101111100110000001100100110100100011111001000000001011110110011010000100,14,13,0,0,0.788707844,496.89499373079127,201.29257982140027,3.9559711667778483,9
18,b00010000100101110111001000000000001111100010010110000011000000110001110010000000,5,10558.640976400091,b0000000101111100110000001100100110100100011111001000000001011110110011010000100,6,1,0,1,0.6880707676682464,193.4065674378849,183.25519904695136,6.0024734847212455,9
19,b11010000101110000111111000010001101111100100111100010110010001110011100001000000,5,5390.293695385619,b0000000101111100110000001100100110100100011111001000000001011110110011010000100,8,13,0,0,0.8190551166455731,404.60666602900255,66.45592584144906,4.213881098780516,10
20,b00010000101100110111001000000001001111100010010100010001000000100001111010000000,5,9996.02685,b0000000101111100110000001100100110100100011111001000000001011110110011010000100,5,0,0,0,0.6138155004448743,303.7432012511311,470.16269283172613,3.2932480226796854,10
21,b00000000101000000100100000000001001011100010010110000000001000110011010000100000,5,7294.502666825072,b0000000101111100110000001100100110100100011111001000000001011110110011010000100,14,2,0,0,0.7176199303999558,37.47991327565834,477.3530789870661,4.348522293749601,11
22,b00010000001101010000100000011101001000000100111110000110010001100000000100001010,5,3064.3424251439274,b0000000101111100110000001100100110100100011111001000000001011110110011010000100,17,10,0,0,0.7370362683264098,307.4192636345265,457.4282850802878,3.1976524316653316,11
23,b00010000001100110111101011100000111111100110110110011011000001110000110000000010,5,6483.522743044304,b0000000101111100110000001100100110100100011111001000000001011110110011010000100,6,10,0,0,0.8051490925692278,429.21986111213226,96.50536147706066,1.5845502511743954,11
24,b01000000000110000010010000011101101100000000011100010110010001100000000000001010,5,1838.2497638414204,b0000000101111100110000001100100110100100011111001000000001011110110011010000100,21,12,0,0,0.7433698655792824,149.25877917412274,476.80897955908426,3.1793097068564204,11
25,b00000000101000010111001000000010000111000010010110010011000000010001111010000000,5,8946.599051330324,b0000000101111100110000001100100110100100011111001000000001011110110011010000100,9,1,0,0,0.6255750213786979,109.96817477854417,469.0576237829052,0.20379451997538783,11
26,b00000000101000110111111010000011001101100110101110110011001001110011110001000010,5,5861.472834372675,b0000000101111100110000001100100110100100011111001000000001011110110011010000100,6,11,0,0,0.8008646726128217,97.36001591,61.24528650167389,3.0134851507015674,12
27,b00001000000100010011001010100011101011010111101000111101111101100100011000011000,5,2785.018242799397,b0000000101111100110000001100100110100100011111001000000001011110110011010000100,15,19,0,0,0.7948058370571567,267.67909189141346,121.02740305554481,2.5957995637308917,12
28,b00010000101100010101100000000001001111100010010010010011000000100001110010000000,5,11254.598437318966,b0000000101111100110000001100100110100100011111001000000001011110110011010000100,7,0,0,0,0.6078555969765049,151.26598194968778,370.1603841457176,3.709183311536633,12
29,b00000000100000000000000000000000001000000000000000000000000000000000000000001000,5,3177.820056203141,b0000000101111100110000001100100110100100011111001000000001011110110011010000100,30,1,0,0,0.592489705,137.04690914100922,348.1684387972096,1.2576635577072113,13
30,b00010000001100010010000000011100011110000110111110110110010001100010100100001010,5,2902.2828083202894,b0000000101111100110000001100100110100100011111001000000001011110110011010000100,15,14,0,0,0.8009038988914086,461.8956426577869,182.71877494491702,5.347799931596835,13
31,b00010000101100010111101010000001001111100010010110010011000000010001110010000000,5,9847.567245736895,b0000000101111100110000001100100110100100011111001000000001011110110011010000100,4,1,0,0,0.6483050610498206,266.86367306797644,207.32696741517975,6.0408247656462875,13
32,b01000000101110010111011011011001101111100100111110011110000001100001100000000100,5,4253.058742975747,b0000000101111100110000001100100110100100011111001000000001011110110011010000100,10,15,0,0,0.8215773942985649,54.292021312417226,47.358466033422864,1.8773282114518823,14
33,b00000001011100001000000011000000110001000111010010000000010011001000100100001000,5,8715.54799,b0000000101111100110000001100100110100100011111001000000001011110110011010000100,11,1,0,0,0.6676520530467877,238.65986177704772,288.78401817348873,2.3332214328358276,14
34,b00010000100101010110111000000011001111100000011100010011000000100011110010000000,5,4592.983818994022,b0000000101111100110000001100100110100100011111001000000001011110110011010000100,7,4,0,0,0.7607596474454892,-2.853972794,65.74356362377296,5.235227966190426,15
35,b00010000100100010011101000000001000101100010011110010011000000100001110011000100,5,9036.240225407371,b0000000101111100110000001100100110100100011111001000000001011110110011010000100,8,3,0,0,0.7650300962023536,229.60679940172895,253.56016767257722,1.7982009177321845,16
36,b10010000001010010010110000001101011100001100111100010110110001100001000000001110,5,3082.249719954356,b0000000101111100110000001100100110100100011111001000000001011110110011010000100,18,17,0,0,0.7449926713076467,251.45059772300988,165.00938630738216,3.9264141657061966,17
37,b00000000000100000000101001001010000001110100110000000011110011011011001000000000,5,2388.186418945056,b0000000101111100110000001100100110100100011111001000000001011110110011010000100,21,12,1,0,0.6773717673279722,190.28358025111484,230.8413181523909,4.268988886299453,17
38,b01000010100100000110000001101001111101100101110010101000001001101100110000011010,5,4346.627417539486,b0000000101111100110000001100100110100100011111001000000001011110110011010000100,12,13,0,0,0.7960586328534291,33.87873928866486,143.4034089899352,4.3706050644282755,17
39,b00100000001110001100000011001001100001000111110010000000000101101100110100001000,5,9719.263949738113,b0000000101111100110000001100100110100100011111001000000001011110110011010000100,6,1,0,0,0.702007887,385.31627365552737,266.5049518038219,3.5056734634857767,17
40,b00000000000000000000000000001000001000000000100100000000000000000000000000000000,5,1613.1818163239445,b0000000101111100110000001100100110100100011111001000000001011110110011010000100,29,1,1,1,0.7151176936620338,35.675101808777455,317.3508045866174,4.217255117393643,18
41,b01000000100110110111011010110001111111100101111100011111000001110011100000000100,5,4650.9754984178035,b0000000101111100110000001100100110100100011111001000000001011110110011010000100,8,16,0,0,0.7792308466385054,466.2550571055513,45.729840812216345,5.527064069,18
42,b01010000001010010010011000011000001111001000111110010010110001000010000000001110,5,2302.717688370343,b0000000101111100110000001100100110100100011111001000000001011110110011010000100,17,14,0,0,0.7437189299412447,125.12504933495755,334.4473783279786,0.012498072228342968,18
43,b00010000101101110111101000000000001111000010010100000011000000110001010010000000,5,8018.822056299178,b0000000101111100110000001100100110100100011111001000000001011110110011010000100,7,1,0,0,0.7011332862918757,237.46796709493742,276.2018568649729,3.657307169550895,18
44,b00010000101100010111001000000001001111100000010010010011000000110001010011000000,5,9620.209059,b0000000101111100110000001100100110100100011111001000000001011110110011010000100,7,1,0,0,0.7555863912382074,411.1959157952997,272.80081255984845,5.1067289481754665,19
45,b00010000101100111111101010000001001101100010000110010011000000010001111000000000,5,10031.82741,b0000000101111100110000001100100110100100011111001000000001011110110011010000100,5,2,0,0,0.6791398122790389,68.17905739361689,440.6545589343293,2.9424858531534843,20
46,b00010000101100000011101000001000000111100010010110110000000010110000110010000000,5,6665.191901525632,b0000000101111100110000001100100110100100011111001000000001011110110011010000100,10,3,0,0,0.7627463636193488,381.1215014325305,94.50517350878583,3.5620900154013304,21
47,b00010000101100010111001000000001001101100010010100000010000000010001110010000000,5,8975.362959548262,b0000000101111100110000001100100110100100011111001000000001011110110011010000100,9,0,0,0,0.6358634951527986,353.57969908628957,300.55282982624067,5.510272239154096,22
48,b00010000100100010110101000000001001111100010000000010011000000110001110010000000,5,10239.993021341954,b0000000101111100110000001100100110100100011111001000000001011110110011010000100,8,0,0,0,0.6361163725042706,134.67566116132312,287.0183878131273,0.6361340621142973,23
49,b00100001100100011110100001101001111100000001110010111110010100011001100000011000,5,2799.5546159626847,b0000000101111100110000001100100110100100011111001000000001011110110011010000100,14,16,0,0,0.7614858277896381,410.7258092016175,507.59704241461526,2.4180281715079737,24
50,b00010000101100010100000000000001001111000000010110010001000000110001110010000000,5,8025.136538811679,b0000000101111100110000001100100110100100011111001000000001011110110011010000100,10,0,0,0,0.6284191686774129,181.2423600529631,323.38171923160553,3.4296886247332727,24
51,b00000010001110001101000011000001110001000111110000000000010011101000110100001000,5,8570.904234,b0000000101111100110000001100100110100100011111001000000001011110110011010000100,8,3,0,0,0.7956066079937355,163.1432168011623,74.15995202848454,4.662033273600914,25
52,b00010000101101100111011010000101101111100111011110110011000000110011110001000000,5,5778.348665948855,b0000000101111100110000001100100110100100011111001000000001011110110011010000100,4,10,0,0,0.8233504305909958,376.9710865218048,36.49717322719593,3.285394828653362,26
53,b00010000100100010111001000000001001010100010010110010010000000100000101000000000,5,9886.92889,b0000000101111100110000001100100110100100011111001000000001011110110011010000100,11,0,0,0,0.6308555611784943,204.24584207929803,406.74053500424395,4.803469877009286,27
54,b00010000101110110111110000000001001111101100111100010110000001110011100000000000,5,7029.9092178998635,b0000000101111100110000001100100110100100011111001000000001011110110011010000100,7,8,0,0,0.7601746763778492,444.5444385,409.83434114324984,0.061041159916118665,28
55,b00000000001110000000000011001001101000000110110010000000010100000000110000001000,5,8487.846228553186,b0000000101111100110000001100100110100100011111001000000001011110110011010000100,13,0,0,0,0.5888505193572359,128.31046414951194,358.3676534406558,2.9150139844712815,29
56,b00000001010110001100000011001001101001000011110010000000010111101000110000001000,5,11137.037667586856,b0000000101111100110000001100100110100100011111001000000001011110110011010000100,5,0,0,0,0.6195999670257288,203.88304304653371,356.80454686407506,3.400269694251052,30
57,b00000001010100001100000011000001001001000111100010000000010111101000100100001000,5,9073.350144979493,b0000000101111100110000001100100110100100011111001000000001011110110011010000100,8,0,0,0,0.6663617823781598,89.16506839600297,122.22063065165622,2.480023509864315,31
58,b00010000101100100111100000100001001010100010000110010011000000010001110010100000,5,9966.392043153592,b0000000101111100110000001100100110100100011111001000000001011110110011010000100,8,2,0,0,0.6134344003555847,275.76256858836996,367.21860742121123,4.372002687139971,32
59,b00000101001100001100000011001001001001000101110010000000010111101000100100001000,5,10642.737842180668,b0000000101111100110000001100100110100100011111001000000001011110110011010000100,7,1,0,0,0.6927517355333145,410.91933653042463,255.6055199,3.306159527,33
60,b00011000001100011111111011010000100111100110111110000011010001110001100010000010,5,6010.270979986516,b0000000101111100110000001100100110100100011111001000000001011110110011010000100,8,13,0,0,0.8410706259924369,355.6548103294394,8.305354876732707,4.316984917448324,34
61,b00010000101100110111001000000001001101000010010110010010000000010001111010000000,5,9822.045632257486,b0000000101111100110000001100100110100100011111001000000001011110110011010000100,6,0,0,0,0.6547124212894218,291.8945096,429.57854093629857,4.029763509580526,34
62,b00000000000011100110001111110000110000000001000000100100100010000000001000000000,5,1646.4568202349806,b0000000101111100110000001100100110100100011111001000000001011110110011010000100,24,11,0,-1,0.7701032560868448,24.252377378044855,2.8346857583934657,5.986475737025195,35
63,b01010000100000000010001011001000111100100000110010111010010101001100010000001000,5,2348.831501666497,b0000000101111100110000001100100110100100011111001000000001011110110011010000100,17,12,0,0,0.7758865272079216,94.09880759362585,145.79161127201357,5.698444474366596,35
64,b00010000101100010111101000000001001111100010010110010011000000100001111010000000,5,10967.543438427823,b0000000101111100110000001100100110100100011111001000000001011110110011010000100,3,0,0,0,0.6585111897353801,347.04661605964696,436.5471591687499,2.032090288727815,35
65,b11000100101000000110010010000001101101001000100100010000000001000010100000000000,5,3208.0147499624945,b0000000101111100110000001100100110100100011111001000000001011110110011010000100,20,9,-1,0,0.7435912878702782,169.32231193514872,318.9348156219225,2.0989289370136204,36
66,b00010000000100010111001000000001001111100010000110000011000000000000011000000000,5,9247.966103211551,b0000000101111100110000001100100110100100011111001000000001011110110011010000100,12,0,0,0,0.6405033433075658,43.89230745270687,389.11464197700826,1.8891900889611994,36
67,b00000000000000000000000010000000011000000000010000000001000000000000000000000000,5,2507.4048451591025,b0000000101111100110000001100100110100100011111001000000001011110110011010000100,29,2,0,-1,0.6945098309734626,369.57474215120885,410.43500859440985,-0.173529183,37
68,b00010000000100000110000000010000011111100001101110010110000001100001100100000100,5,8223.814535672282,b0000000101111100110000001100100110100100011111001000000001011110110011010000100,16,9,0,0,0.7657798692641472,472.00595364907775,192.59725953834226,0.7678032476449628,37
69,b00100001001100001100000010001001111001000011100010000000010111101010110100001000,5,6628.495596373041,b0000000101111100110000001100100110100100011111001000000001011110110011010000100,7,3,0,0,0.7632525119214825,2.523699032,85.24872560189968,1.1659402971801383,37
70,b00000000000001000000000000000000000000100010000111000001010001000000010000000000,5,3557.753130970988,b0000000101111100110000001100100110100100011111001000000001011110110011010000100,26,4,0,1,0.698971788,127.94237918691086,33.61503305109834,6.485144626915721,38
71,b00000101001110001100000001001001101001100111110010000000000111101100100100001000,5,8274.914833750281,b0000000101111100110000001100100110100100011111001000000001011110110011010000100,5,2,0,0,0.8692274849771388,222.50174059048268,121.47867204123854,3.598153704036333,38
72,b00010000101100010011111000000001001111100010110100000011000000110010010011000100,5,2675.065985150982,b0000000101111100110000001100100110100100011111001000000001011110110011010000100,7,4,0,0,0.8331228949028294,504.95549065641654,208.00037402249123,1.7828385231939319,39
73,b00000000000000000000000000000000100001100010001100010001000000000000000100000000,5,2733.790272,b0000000101111100110000001100100110100100011111001000000001011110110011010000100,26,3,0,0,0.6959100315854401,126.47441275212984,173.00868530401718,1.437705734008996,40
74,b00000010001100011000000110000001010000111011100111000000101111000001111000010000,5,2346.4978149417925,b0000000101111100110000001100100110100100011111001000000001011110110011010000100,18,14,0,0,0.7269174416809518,240.80577260953885,480.0907155314723,4.127020705934951,40
75,b00000000100100010011100000000001001111000010010110010011000000100001010010000100,5,9560.910366,b0000000101111100110000001100100110100100011111001000000001011110110011010000100,10,1,0,0,0.7681112584928026,315.47415945790146,53.71149187746364,0.6605544373236055,40
76,b00000000101100000111101000000001001101100010000110010001000000110001111010000000,5,8022.778201689445,b0000000101111100110000001100100110100100011111001000000001011110110011010000100,7,0,0,0,0.6493099490494662,157.7176787009379,488.20861106530594,2.369100096114807,41
77,b00010000000100110100101000010001101111100110011110010011000000100001110000000000,5,9926.355835443255,b0000000101111100110000001100100110100100011111001000000001011110110011010000100,8,4,0,0,0.7144270115752268,440.51697912895105,357.36001571750046,4.012490332703761,42
78,b00010001101110111000010111101101111010000111111111111001000101100010011000001000,5,3018.895852049373,b0000000101111100110000001100100110100100011111001000000001011110110011010000100,10,19,0,0,0.8684986823572988,234.4637093616389,175.57161050213213,0.541523433,43
79,b11011000001010010010001000011100001100001000011100010110110000100000000000001110,5,2904.5620882358635,b0000000101111100110000001100100110100100011111001000000001011110110011010000100,20,15,0,0,0.7309011679668076,29.68347251419726,293.2960383374069,3.8475079709925897,43
80,b11000100001010110111010000000001100011100000110110011011000001100011100000000000,5,6248.950183119619,b0000000101111100110000001100100110100100011111001000000001011110110011010000100,12,9,0,0,0.7730433044668847,286.30375073409505,149.82076198680275,1.2027455518598869,43
81,b00000000000000000010000000000000000000000000000000000011000000010000000000000000,5,2302.469223036947,b0000000101111100110000001100100110100100011111001000000001011110110011010000100,28,0,1,0,0.6985934601399184,109.58409666593842,348.4761411579253,0.11444315166145964,43
82,b00010000000000100010111000010111000000000110111100000110010000100000000100001110,5,2362.7636469851777,b0000000101111100110000001100100110100100011111001000000001011110110011010000100,21,13,0,0,0.7379968590380671,232.0441335107834,453.70156051441376,2.2768659589599514,43
83,b00000000000110001101000011110111011101101101101100000100011000000000000000000000,5,4055.9228781605602,b0000000101111100110000001100100110100100011111001000000001011110110011010000100,19,13,-1,0,0.7389658430139966,293.8027674805322,151.56617949540063,4.995107148535866,43
84,b10000100001110001000000011011001101001000111110000000000010010101100100100001000,5,8496.940582061343,b0000000101111100110000001100100110100100011111001000000001011110110011010000100,8,3,0,-1,0.7479168470885011,4.995594178,499.43861545582524,1.2782834965541632,43
85,b00010000001100000110001000011101001100000110111110100010110001100001000100000110,5,4209.708376545983,b0000000101111100110000001100100110100100011111001000000001011110110011010000100,16,13,0,0,0.7625630257223799,117.80296675598098,379.2998898440102,1.3010326833309607,44
86,b00010000101100010111101000000001001101100010010010010001000000110001110011000000,5,10566.706370254069,b0000000101111100110000001100100110100100011111001000000001011110110011010000100,6,1,0,0,0.6483561698810297,155.5838520210213,398.2388392981833,2.3112451599551584,44
87,b00000000101100010101011001000001000111100010111110000011011000100001111011000000,5,8170.668924211039,b0000000101111100110000001100100110100100011111001000000001011110110011010000100,8,7,0,0,0.7654164679087931,451.1160897,178.78648099993876,1.7106274789737512,45
88,b01010000001100010010010000011101001110000100001100010110110000100000000010000110,5,2810.389484624702,b0000000101111100110000001100100110100100011111001000000001011110110011010000100,18,12,0,0,0.7559835098978823,325.8865295,302.90630669808024,5.219717652,46
89,b00000000001100010111101000000001000111100010010110010011000000110001101010000000,5,10163.443876506895,b0000000101111100110000001100100110100100011111001000000001011110110011010000100,6,0,0,0,0.6024933533504507,327.54325523347364,344.8574761207129,3.3835994703693233,46
90,b00010000100000010101101000000000001101110010010110010010000000100001111010000000,5,9215.611012,b0000000101111100110000001100100110100100011111001000000001011110110011010000100,9,1,0,0,0.5902963966284211,96.78854572486932,251.06668117729424,3.302903592381776,47
91,b01101000000101001001011000000100100110000100010110000011011001000000000000000110,5,1601.032623350818,b0000000101111100110000001100100110100100011111001000000001011110110011010000100,22,14,0,1,0.7192865698446292,195.77645019190402,364.07203987858475,4.4491765697176895,48
92,b00010000100100010110101000000000000111000010010110010011000000010001010010000000,5,9903.284154767345,b0000000101111100110000001100100110100100011111001000000001011110110011010000100,10,0,0,0,0.6294509644181758,122.08246566940545,285.6135461060095,1.624736416662917,48
93,b00010000001100100010000000001100001010000100001110100110110001100000000100001110,5,2426.1119895359516,b0000000101111100110000001100100110100100011111001000000001011110110011010000100,21,13,0,0,0.7469364191280045,411.9525439532506,364.5954101297897,0.9593209361794608,49
94,b00010000001100010010100000001101001000000010111110000110010001100010001110000010,5,4668.084019009055,b0000000101111100110000001100100110100100011111001000000001011110110011010000100,15,9,0,0,0.7577502471208847,412.7376903663147,284.9519330747417,3.534925130556246,49
95,b00000011011110001100000001011001101001000111010010000000011101001000110100001000,5,8836.547257586748,b0000000101111100110000001100100110100100011111001000000001011110110011010000100,6,3,0,0,0.7154564642510964,336.13716931417537,107.70513659803326,0.6217917026731671,49
96,b00010000101100011111111011011001001111100000011110010011000001110011110010000000,5,7367.032265,b0000000101111100110000001100100110100100011111001000000001011110110011010000100,3,8,0,0,0.8020135057419776,405.2932540363736,12.400306051196875,0.10997955991984848,50
97,b00000111010110001111010011111001111101100111110110011111000011111100110110001000,5,5409.945931028304,b0000000101111100110000001100100110100100011111001000000001011110110011010000100,4,18,0,0,0.8652287206044011,380.1763222779417,26.073072279029606,4.794131588439477,51
98,b01100001001110000100000011001001101001000001110010100000010111101000000100001000,5,9392.507735330624,b0000000101111100110000001100100110100100011111001000000001011110110011010000100,8,3,0,0,0.6815718165384902,273.19804992600297,389.85225721836207,1.046026982328579,51
99,b00000111011100001100000000011001101001000111110000000000010111101000110000101000,5,5248.819059,b0000000101111100110000001100100110100100011111001000000001011110110011010000100,7,4,0,0,0.7666266243161385,240.76898814932647,276.47634715264155,4.229319326120187,52
100,b00010000001000010010000000011111011000000110111110100110111001110000000001000110,5,1917.7753864168303,b0000000101111100110000001100100110100100011111001000000001011110110011010000100,19,17,0,0,0.7766039357910441,64.26624934390577,483.9553752423014,0.9814564178694063,53
101,b00000000000000000000010000000001111000001110110000000000100000000001100000000000,5,1959.4118204095225,b0000000101111100110000001100100110100100011111001000000001011110110011010000100,24,5,1,-1,0.771446095,456.0470652363757,404.7585389738199,1.3009566298032416,53
102,b00000000000000000000000000000000000111100000010000000000000001000000000000000000,5,1855.0379474968688,b0000000101111100110000001100100110100100011111001000000001011110110011010000100,27,1,0,0,0.6613258990128708,185.3466445766424,410.61759958684945,4.566413202362039,53
103,b00000000000001000001000011000000000000000000000000000000000000001000000000000000,5,1699.042259063075,b0000000101111100110000001100100110100100011111001000000001011110110011010000100,28,1,0,0,0.8964611727567232,84.92227258249966,57.20332278905369,6.388935443936605,53
104,b00010000001100010111001000000001000111100000010110010011000000100001111000000000,5,8774.072426304523,b0000000101111100110000001100100110100100011111001000000001011110110011010000100,8,0,0,0,0.6558182797098242,385.28066924681144,378.7424723530129,1.094864433797021,53
105,b00000000000000000000000000000000011111000000111110000000000000000000000000000000,5,7363.287179228629,b0000000101111100110000001100100110100100011111001000000001011110110011010000100,25,3,0,1,0.7280931399468293,363.0550041756659,134.99697598981624,3.530684584999859,54
106,b00000000000000010000001001100000001100000010110000000000000000000000000000000000,5,2601.711300121905,b0000000101111100110000001100100110100100011111001000000001011110110011010000100,26,3,-1,-1,0.7017716391708532,72.36444207326652,90.64496205426323,2.135236192,54
107,b00000001001110001110001011111001111001100111110110000000001111000000110100001000,5,6410.935694,b0000000101111100110000001100100110100100011111001000000001011110110011010000100,6,8,0,0,0.7882493591233526,380.77807581525906,13.693126410268894,4.680360274030023,54
108,b01100011000110000110000011111000111101100011110110000011011111101101110100001000,5,4938.924740772292,b0000000101111100110000001100100110100100011111001000000001011110110011010000100,6,14,0,0,0.8636855942188206,489.3036859324423,117.57116760305425,4.963083748691416,55
109,b00000011011110001100000011000001101000000011110010000000010011001000100100001000,5,10286.716166655384,b0000000101111100110000001100100110100100011111001000000001011110110011010000100,8,1,0,0,0.624273909,231.28535831965286,327.98995238513965,5.484055989690706,55
110,b00010000101100010111111010000001001111100010010110010011000000110001110001000000,5,9779.427244430648,b0000000101111100110000001100100110100100011111001000000001011110110011010000100,4,3,0,0,0.732180575,478.0364067778542,341.3216824363378,5.589596069589966,56
111,b00010000101100010111101000000000001111000000000100010011000000100001110000000000,5,7665.696063122688,b0000000101111100110000001100100110100100011111001000000001011110110011010000100,10,0,0,0,0.6403831596524233,185.9337476186464,325.4527076290096,6.056096237958114,57
112,b00010000001100010110101000000001001101100010001110010011000000110010100010000000,5,2362.5579389049867,b0000000101111100110000001100100110100100011111001000000001011110110011010000100,8,1,0,0,0.753872626,506.2397869647208,182.25472741628826,1.9747191026875672,58
113,b00010000101100110110101000000001001101100010010110010010000000110001110000000110,5,9293.817398588515,b0000000101111100110000001100100110100100011111001000000001011110110011010000100,6,2,0,0,0.6612285581605377,102.00522085420204,381.0569557636868,5.130889381,59
114,b00011100001000110110101000010001000010000010111110010011010001000000100100001110,5,4389.038316,b0000000101111100110000001100100110100100011111001000000001011110110011010000100,14,11,0,0,0.757870291,5.300432746526364,476.58030483882374,1.5686565967520631,60
115,b00000000101100010111000000000000001111000010010110010011000000000001110010000000,5,9074.843059939438,b0000000101111100110000001100100110100100011111001000000001011110110011010000100,10,0,0,0,0.6189052737191162,218.98760018547466,362.3078535494027,0.97898551,60
116,b11000000001110000010010010011101101100000000110110010110010001100000000000001100,5,2084.894966702048,b0000000101111100110000001100100110100100011111001000000001011110110011010000100,17,12,0,0,0.7425944343448453,261.0206519665082,503.8576030336262,2.0939868585053287,61
117,b00000010000000000110000000000000000000000000000000111100010000100001000000001000,5,1332.957397915533,b0000000101111100110000001100100110100100011111001000000001011110110011010000100,27,6,0,0,0.7841511488654036,227.08188152472977,306.77539105098515,6.069746311150611,61
118,b00100000001100001100000010010001111011100111110110000011011011101001100100000010,5,2720.470047,b0000000101111100110000001100100110100100011111001000000001011110110011010000100,10,11,0,0,0.8343208531899674,503.0862181777885,49.74065566944367,2.4278142560615477,61
119,b00010000101100010111101000001001001111100010000100010011000000010001111010100010,5,9567.962403491036,b0000000101111100110000001100100110100100011111001000000001011110110011010000100,5,3,0,0,0.7274610593554558,73.47273677202487,395.08491701574263,1.0424951563455593,61
120,b00000000000000001000000000000000000001000000000110000000100000100000000000000000,5,2596.1930911631325,b0000000101111100110000001100100110100100011111001000000001011110110011010000100,28,2,0,1,0.7825778812051368,364.10165348820897,125.86660551583806,2.622143199392676,62
121,b11000000001010010011000000011100001100000000001110010110110001000000000000001100,5,2131.822083099038,b0000000101111100110000001100100110100100011111001000000001011110110011010000100,22,13,0,0,0.7343540879405049,289.4516370825009,377.9539652916522,3.2370427632870022,62
122,b01000000000000110110110000000001001110001100001100011110010001100011000000001110,5,5175.709094628668,b0000000101111100110000001100100110100100011111001000000001011110110011010000100,17,12,0,0,0.7342266375596013,364.02629660836055,225.90727121907415,5.2344584719917115,62
123,b00000000000000000000000001000000000101000000000010000000100001100000000100000000,5,1813.6377937546251,b0000000101111100110000001100100110100100011111001000000001011110110011010000100,26,2,0,0,0.6755918532327068,449.9040383839841,231.25001451137288,2.8237654381286013,62
124,b00010000101100100110101000000001001101100010010010010011000000110011100000000000,5,8034.779494423003,b0000000101111100110000001100100110100100011111001000000001011110110011010000100,7,0,0,0,0.6485477053552858,137.6194571471803,500.5778354410196,2.6509394298187683,62
125,b00010000101101000111111010000001001111100010011110010011000000100001110010000100,5,8903.326974544572,b0000000101111100110000001100100110100100011111001000000001011110110011010000100,5,5,0,0,0.7210285969963643,143.16100885417984,97.52751240653127,1.9446201167923998,63
126,b00010000001100110001101000000001001111100010011110010001000000100001111000000000,5,9404.915973639312,b0000000101111100110000001100100110100100011111001000000001011110110011010000100,7,1,0,0,0.6485430393157493,109.2616815937127,422.9770364945244,2.5949221981143538,64
127,b00010000101100110010000011000001001110100010011110010011001000110001111001000000,5,7598.0163000859175,b0000000101111100110000001100100110100100011111001000000001011110110011010000100,7,5,0,0,0.7503771415134098,246.35904543291883,277.1291615,1.3978047363842692,65
128,b00010000101100010011101000000001001111100010010110010011000000110001111010000000,5,10851.28332146171,b0000000101111100110000001100100110100100011111001000000001011110110011010000100,3,0,0,0,0.643821571,92.07829714421803,390.1512388107607,0.45607777157827256,66
129,b00010000001000010000101000011101001000000010010110000110110000000000000100001110,5,3186.5379977871034,b0000000101111100110000001100100110100100011111001000000001011110110011010000100,20,10,0,0,0.7692939743250206,353.51805433045087,369.41363785001965,0.059633409,67
130,b00010000101100010010101000000001000101000010011110010011000000110001110010000000,5,8241.294362316077,b0000000101111100110000001100100110100100011111001000000001011110110011010000100,8,1,0,0,0.7139555666679173,263.5887759395556,102.65698775569949,2.0402105322438024,67
131,b00000000000000000000000000000000000000000011000000001000000000000000000000000010,5,3595.2666969220804,b0000000101111100110000001100100110100100011111001000000001011110110011010000100,30,2,1,-1,0.7467401184823442,217.48141327956628,330.7636693634384,4.937979999514087,68
132,b00000101001110001100000000001001101001100101010000001000010101101100110100001000,5,4149.891489772891,b0000000101111100110000001100100110100100011111001000000001011110110011010000100,8,3,0,0,0.7201654710309197,503.2059882757232,357.59935849107154,0.9543182195044505,68
133,b00010000101100010010101000000001001011100000000100010011000000110001110000000000,5,6736.161175781788,b0000000101111100110000001100100110100100011111001000000001011110110011010000100,10,0,0,0,0.6510391767622175,241.2523378,292.0230493911335,3.2775711169177866,69
134,b00010000000100110111001000000001001110100010011110010011000000110001000010000000,5,8783.377804408881,b0000000101111100110000001100100110100100011111001000000001011110110011010000100,8,1,0,0,0.6899319594670222,300.58041917148813,160.6885677949955,1.2876789178958001,70
135,b00001000001110001000101001101101101001100010011100010010011000110010000010000111,5,787.4434295004737,b0000000101111100110000001100100110100100011111001000000001011110110011010000100,15,14,0,0,0.8209688513799571,505.96997089653655,55.83886277184545,0.2243709470711372,71
136,b00000000000000000000000000000000000000000000110000000000000000000000000000000000,5,3113.187949079803,b0000000101111100110000001100100110100100011111001000000001011110110011010000100,30,0,1,1,0.6523827216137942,350.4834588520512,452.03869655889076,5.869749424576844,71
137,b00000000000000000000000000000000001100000000010000000000000000000000000000000000,5,5600.661749298768,b0000000101111100110000001100100110100100011111001000000001011110110011010000100,29,0,0,1,0.7586067517784707,471.2976190119444,434.11352644827394,0.8266851239636273,71
138,b00000000000000000000000000000100000101100010000100000000000000000000000000000000,5,3185.8952530700217,b0000000101111100110000001100100110100100011111001000000001011110110011010000100,27,1,0,1,0.6845819924821811,452.0106906792043,324.61002707604916,5.858389493397957,71
139,b00000000000000000000000000000000000110000000110000000010000000000000100000000000,5,1641.0557389513835,b0000000101111100110000001100100110100100011111001000000001011110110011010000100,27,1,0,1,0.6560834625590306,417.58639282786515,311.51595257400373,3.40327107,71
140,b00000000000000001000000000000000110000000101000000000000000000000000000000000000,5,1899.0925338497918,b0000000101111100110000001100100110100100011111001000000001011110110011010000100,28,1,0,-1,0.7415722291973742,344.3411937810292,410.60370444136055,4.699419152359354,71
141,b00000000000100000000000000000000000000000000000000000000000000000011000000000010,5,1915.3171349761076,b0000000101111100110000001100100110100100011111001000000001011110110011010000100,29,1,0,0,0.7067423699727203,254.5943805559655,50.76371192318833,2.8118684307269346,71
142,b00000000001000000000010000000000000000000000000000000001000000000000001000000000,5,1618.1564939073007,b0000000101111100110000001100100110100100011111001000000001011110110011010000100,29,1,1,-1,0.7165980171817941,190.2981979071988,218.65992350603716,2.5865376142535217,71
143,b00000000000000000000000010000000111110000101010000011111000010100010000100000000,5,2478.836587968435,b0000000101111100110000001100100110100100011111001000000001011110110011010000100,23,9,1,-1,0.7128668282428134,97.68750659089204,61.232112324141426,1.2998270756941925,71