orig_idx,k,flipped_indices,status,incorrect_count,correct_count,total_error_fixed
0,2,1;5,-1,0,0,2
0,2,1;9,-1,0,0,2
0,2,1;10,-1,0,0,2
0,2,1;11,-1,0,0,2
0,2,1;15,-1,0,0,2
0,2,1;16,-1,0,0,2
0,2,1;17,-1,0,0,2
0,2,1;19,-1,0,0,2
0,2,1;20,-1,0,0,2
0,2,1;21,-1,0,0,2
0,2,1;26,-1,0,0,2
0,2,1;29,-1,0,0,2
0,2,1;30,-1,0,0,2
0,2,1;31,-1,0,0,2
0,2,1;32,-1,0,0,2
0,2,1;34,-1,0,0,2
0,2,1;36,-1,0,0,2
0,2,1;41,-1,0,0,2
0,2,1;42,-1,0,0,2
0,2,1;43,-1,0,0,2
0,2,1;48,-1,0,0,2
0,2,1;51,-1,0,0,2
0,2,1;52,-1,0,0,2
0,2,1;55,-1,0,0,2
0,2,1;60,-1,0,0,2
0,2,1;61,-1,0,0,2
0,2,1;63,-1,0,0,2
0,2,1;68,-1,0,0,2
0,2,1;73,-1,0,0,2
0,2,1;74,-1,0,0,2
0,2,1;76,-1,0,0,2
0,2,5;9,-1,0,0,2
0,2,5;10,-1,0,0,2
0,2,5;11,-1,0,0,2
0,2,5;15,-1,0,0,2
0,2,5;16,-1,0,0,2
0,2,5;17,-1,0,0,2
0,2,5;19,-1,0,0,2
0,2,5;20,-1,0,0,2
0,2,5;21,-1,0,0,2
0,2,5;26,-1,0,0,2
0,2,5;29,-1,0,0,2
0,2,5;30,-1,0,0,2
0,2,5;31,-1,0,0,2
0,2,5;32,-1,0,0,2
0,2,5;34,-1,0,0,2
0,2,5;36,-1,0,0,2
0,2,5;41,-1,0,0,2
0,2,5;42,-1,0,0,2
0,2,5;43,-1,0,0,2
0,2,5;48,-1,0,0,2
0,2,5;51,-1,0,0,2
0,2,5;52,-1,0,0,2
0,2,5;55,-1,0,0,2
0,2,5;60,-1,0,0,2
0,2,5;61,-1,0,0,2
0,2,5;63,-1,0,0,2
0,2,5;68,-1,0,0,2
0,2,5;73,-1,0,0,2
0,2,5;74,-1,0,0,2
0,2,5;76,-1,0,0,2
0,2,9;10,-1,0,0,2
0,2,9;11,-1,0,0,2
0,2,9;15,-1,0,0,2
0,2,9;16,-1,0,0,2
0,2,9;17,-1,0,0,2
0,2,9;19,-1,0,0,2
0,2,9;20,-1,0,0,2
0,2,9;21,-1,0,0,2
0,2,9;26,-1,0,0,2
0,2,9;29,-1,0,0,2
0,2,9;30,-1,0,0,2
0,2,9;31,-1,0,0,2
0,2,9;32,-1,0,0,2
0,2,9;34,-1,0,0,2
0,2,9;36,-1,0,0,2
0,2,9;41,-1,0,0,2
0,2,9;42,-1,0,0,2
0,2,9;43,-1,0,0,2
0,2,9;48,-1,0,0,2
0,2,9;51,-1,0,0,2
0,2,9;52,-1,0,0,2
0,2,9;55,-1,0,0,2
0,2,9;60,-1,0,0,2
0,2,9;61,-1,0,0,2
0,2,9;63,-1,0,0,2
0,2,9;68,-1,0,0,2
0,2,9;73,-1,0,0,2
0,2,9;74,-1,0,0,2
0,2,9;76,-1,0,0,2
0,2,10;11,-1,0,0,2
0,2,10;15,-1,0,0,2
0,2,10;16,-1,0,0,2
0,2,10;17,-1,0,0,2
0,2,10;19,-1,0,0,2
0,2,10;20,-1,0,0,2
0,2,10;21,-1,0,0,2
0,2,10;26,-1,0,0,2
0,2,10;29,-1,0,0,2
0,2,10;30,-1,0,0,2
0,2,10;31,-1,0,0,2
0,2,10;32,-1,0,0,2
0,2,10;34,-1,0,0,2
0,2,10;36,-1,0,0,2
0,2,10;41,-1,0,0,2
0,2,10;42,-1,0,0,2
0,2,10;43,-1,0,0,2
0,2,10;48,-1,0,0,2
0,2,10;51,-1,0,0,2
0,2,10;52,-1,0,0,2
0,2,10;55,-1,0,0,2
0,2,10;60,-1,0,0,2
0,2,10;61,-1,0,0,2
0,2,10;63,-1,0,0,2
0,2,10;68,-1,0,0,2
0,2,10;73,-1,0,0,2
0,2,10;74,-1,0,0,2
0,2,10;76,-1,0,0,2
0,2,11;15,-1,0,0,2
0,2,11;16,-1,0,0,2
0,2,11;17,-1,0,0,2
0,2,11;19,-1,0,0,2
0,2,11;20,-1,0,0,2
0,2,11;21,-1,0,0,2
0,2,11;26,-1,0,0,2
0,2,11;29,-1,0,0,2
0,2,11;30,-1,0,0,2
0,2,11;31,-1,0,0,2
0,2,11;32,-1,0,0,2
0,2,11;34,-1,0,0,2
0,2,11;36,-1,0,0,2
0,2,11;41,-1,0,0,2
0,2,11;42,-1,0,0,2
0,2,11;43,-1,0,0,2
0,2,11;48,-1,0,0,2
0,2,11;51,-1,0,0,2
0,2,11;52,-1,0,0,2
0,2,11;55,-1,0,0,2
0,2,11;60,-1,0,0,2
0,2,11;61,-1,0,0,2
0,2,11;63,-1,0,0,2
0,2,11;68,-1,0,0,2
0,2,11;73,-1,0,0,2
0,2,11;74,-1,0,0,2
0,2,11;76,-1,0,0,2
0,2,15;16,-1,0,0,2
0,2,15;17,-1,0,0,2
0,2,15;19,-1,0,0,2
0,2,15;20,-1,0,0,2
0,2,15;21,-1,0,0,2
0,2,15;26,-1,0,0,2
0,2,15;29,-1,0,0,2
0,2,15;30,-1,0,0,2
0,2,15;31,-1,0,0,2
0,2,15;32,-1,0,0,2
0,2,15;34,-1,0,0,2
0,2,15;36,-1,0,0,2
0,2,15;41,-1,0,0,2
0,2,15;42,-1,0,0,2
0,2,15;43,-1,0,0,2
0,2,15;48,-1,0,0,2
0,2,15;51,-1,0,0,2
0,2,15;52,-1,0,0,2
0,2,15;55,-1,0,0,2
0,2,15;60,-1,0,0,2
0,2,15;61,-1,0,0,2
0,2,15;63,-1,0,0,2
0,2,15;68,-1,0,0,2
0,2,15;73,-1,0,0,2
0,2,15;74,-1,0,0,2
0,2,15;76,-1,0,0,2
0,2,16;17,-1,0,0,2
0,2,16;19,-1,0,0,2
0,2,16;20,-1,0,0,2
0,2,16;21,-1,0,0,2
0,2,16;26,-1,0,0,2
0,2,16;29,-1,0,0,2
0,2,16;30,-1,0,0,2
0,2,16;31,-1,0,0,2
0,2,16;32,-1,0,0,2
0,2,16;34,-1,0,0,2
0,2,16;36,-1,0,0,2
0,2,16;41,-1,0,0,2
0,2,16;42,-1,0,0,2
0,2,16;43,-1,0,0,2
0,2,16;48,-1,0,0,2
0,2,16;51,-1,0,0,2
0,2,16;52,-1,0,0,2
0,2,16;55,-1,0,0,2
0,2,16;60,-1,0,0,2
0,2,16;61,-1,0,0,2
0,2,16;63,-1,0,0,2
0,2,16;68,-1,0,0,2
0,2,16;73,-1,0,0,2
0,2,16;74,-1,0,0,2
0,2,16;76,-1,0,0,2
0,2,17;19,-1,0,0,2
0,2,17;20,-1,0,0,2
0,2,17;21,-1,0,0,2
0,2,17;26,-1,0,0,2
0,2,17;29,-1,0,0,2
0,2,17;30,-1,0,0,2
0,2,17;31,-1,0,0,2
0,2,17;32,-1,0,0,2
0,2,17;34,-1,0,0,2
0,2,17;36,-1,0,0,2
0,2,17;41,-1,0,0,2
0,2,17;42,-1,0,0,2
0,2,17;43,-1,0,0,2
0,2,17;48,-1,0,0,2
0,2,17;51,-1,0,0,2
0,2,17;52,-1,0,0,2
0,2,17;55,-1,0,0,2
0,2,17;60,-1,0,0,2
0,2,17;61,-1,0,0,2
0,2,17;63,-1,0,0,2
0,2,17;68,-1,0,0,2
0,2,17;73,-1,0,0,2
0,2,17;74,-1,0,0,2
0,2,17;76,-1,0,0,2
0,2,19;20,-1,0,0,2
0,2,19;21,-1,0,0,2
0,2,19;26,-1,0,0,2
0,2,19;29,-1,0,0,2
0,2,19;30,-1,0,0,2
0,2,19;31,-1,0,0,2
0,2,19;32,-1,0,0,2
0,2,19;34,-1,0,0,2
0,2,19;36,-1,0,0,2
0,2,19;41,-1,0,0,2
0,2,19;42,-1,0,0,2
0,2,19;43,-1,0,0,2
0,2,19;48,-1,0,0,2
0,2,19;51,-1,0,0,2
0,2,19;52,-1,0,0,2
0,2,19;55,-1,0,0,2
0,2,19;60,-1,0,0,2
0,2,19;61,-1,0,0,2
0,2,19;63,-1,0,0,2
0,2,19;68,-1,0,0,2
0,2,19;73,-1,0,0,2
0,2,19;74,-1,0,0,2
0,2,19;76,-1,0,0,2
0,2,20;21,-1,0,0,2
0,2,20;26,-1,0,0,2
0,2,20;29,-1,0,0,2
0,2,20;30,-1,0,0,2
0,2,20;31,-1,0,0,2
0,2,20;32,-1,0,0,2
0,2,20;34,-1,0,0,2
0,2,20;36,-1,0,0,2
0,2,20;41,-1,0,0,2
0,2,20;42,-1,0,0,2
0,2,20;43,-1,0,0,2
0,2,20;48,-1,0,0,2
0,2,20;51,-1,0,0,2
0,2,20;52,-1,0,0,2
0,2,20;55,-1,0,0,2
0,2,20;60,-1,0,0,2
0,2,20;61,-1,0,0,2
0,2,20;63,-1,0,0,2
0,2,20;68,-1,0,0,2
0,2,20;73,-1,0,0,2
0,2,20;74,-1,0,0,2
0,2,20;76,-1,0,0,2
0,2,21;26,-1,0,0,2
0,2,21;29,-1,0,0,2
0,2,21;30,-1,0,0,2
0,2,21;31,-1,0,0,2
0,2,21;32,-1,0,0,2
0,2,21;34,-1,0,0,2
0,2,21;36,-1,0,0,2
0,2,21;41,-1,0,0,2
0,2,21;42,-1,0,0,2
0,2,21;43,-1,0,0,2
0,2,21;48,-1,0,0,2
0,2,21;51,-1,0,0,2
0,2,21;52,-1,0,0,2
0,2,21;55,-1,0,0,2
0,2,21;60,-1,0,0,2
0,2,21;61,-1,0,0,2
0,2,21;63,-1,0,0,2
0,2,21;68,-1,0,0,2
0,2,21;73,-1,0,0,2
0,2,21;74,-1,0,0,2
0,2,21;76,-1,0,0,2
0,2,26;29,-1,0,0,2
0,2,26;30,-1,0,0,2
0,2,26;31,-1,0,0,2
0,2,26;32,-1,0,0,2
0,2,26;34,-1,0,0,2
0,2,26;36,-1,0,0,2
0,2,26;41,-1,0,0,2
0,2,26;42,-1,0,0,2
0,2,26;43,-1,0,0,2
0,2,26;48,-1,0,0,2
0,2,26;51,-1,0,0,2
0,2,26;52,-1,0,0,2
0,2,26;55,-1,0,0,2
0,2,26;60,-1,0,0,2
0,2,26;61,-1,0,0,2
0,2,26;63,-1,0,0,2
0,2,26;68,-1,0,0,2
0,2,26;73,-1,0,0,2
0,2,26;74,-1,0,0,2
0,2,26;76,-1,0,0,2
0,2,29;30,-1,0,0,2
0,2,29;31,-1,0,0,2
0,2,29;32,-1,0,0,2
0,2,29;34,-1,0,0,2
0,2,29;36,-1,0,0,2
0,2,29;41,-1,0,0,2
0,2,29;42,-1,0,0,2
0,2,29;43,-1,0,0,2
0,2,29;48,-1,0,0,2
0,2,29;51,-1,0,0,2
0,2,29;52,-1,0,0,2
0,2,29;55,-1,0,0,2
0,2,29;60,-1,0,0,2
0,2,29;61,-1,0,0,2
0,2,29;63,-1,0,0,2
0,2,29;68,-1,0,0,2
0,2,29;73,-1,0,0,2
0,2,29;74,-1,0,0,2
0,2,29;76,-1,0,0,2
0,2,30;31,-1,0,0,2
0,2,30;32,-1,0,0,2
0,2,30;34,-1,0,0,2
0,2,30;36,-1,0,0,2
0,2,30;41,-1,0,0,2
0,2,30;42,-1,0,0,2
0,2,30;43,-1,0,0,2
0,2,30;48,-1,0,0,2
0,2,30;51,-1,0,0,2
0,2,30;52,-1,0,0,2
0,2,30;55,-1,0,0,2
0,2,30;60,-1,0,0,2
0,2,30;61,-1,0,0,2
0,2,30;63,-1,0,0,2
0,2,30;68,-1,0,0,2
0,2,30;73,-1,0,0,2
0,2,30;74,-1,0,0,2
0,2,30;76,-1,0,0,2
0,2,31;32,-1,0,0,2
0,2,31;34,-1,0,0,2
0,2,31;36,-1,0,0,2
0,2,31;41,-1,0,0,2
0,2,31;42,-1,0,0,2
0,2,31;43,-1,0,0,2
0,2,31;48,-1,0,0,2
0,2,31;51,-1,0,0,2
0,2,31;52,-1,0,0,2
0,2,31;55,-1,0,0,2
0,2,31;60,-1,0,0,2
0,2,31;61,-1,0,0,2
0,2,31;63,-1,0,0,2
0,2,31;68,-1,0,0,2
0,2,31;73,-1,0,0,2
0,2,31;74,-1,0,0,2
0,2,31;76,-1,0,0,2
0,2,32;34,-1,0,0,2
0,2,32;36,-1,0,0,2
0,2,32;41,-1,0,0,2
0,2,32;42,-1,0,0,2
0,2,32;43,-1,0,0,2
0,2,32;48,-1,0,0,2
0,2,32;51,-1,0,0,2
0,2,32;52,-1,0,0,2
0,2,32;55,-1,0,0,2
0,2,32;60,-1,0,0,2
0,2,32;61,-1,0,0,2
0,2,32;63,-1,0,0,2
0,2,32;68,-1,0,0,2
0,2,32;73,-1,0,0,2
0,2,32;74,-1,0,0,2
0,2,32;76,-1,0,0,2
0,2,34;36,-1,0,0,2
0,2,34;41,-1,0,0,2
0,2,34;42,-1,0,0,2
0,2,34;43,-1,0,0,2
0,2,34;48,-1,0,0,2
0,2,34;51,-1,0,0,2
0,2,34;52,-1,0,0,2
0,2,34;55,-1,0,0,2
0,2,34;60,-1,0,0,2
0,2,34;61,-1,0,0,2
0,2,34;63,-1,0,0,2
0,2,34;68,-1,0,0,2
0,2,34;73,-1,0,0,2
0,2,34;74,-1,0,0,2
0,2,34;76,-1,0,0,2
0,2,36;41,-1,0,0,2
0,2,36;42,-1,0,0,2
0,2,36;43,-1,0,0,2
0,2,36;48,-1,0,0,2
0,2,36;51,-1,0,0,2
0,2,36;52,-1,0,0,2
0,2,36;55,-1,0,0,2
0,2,36;60,-1,0,0,2
0,2,36;61,-1,0,0,2
0,2,36;63,-1,0,0,2
0,2,36;68,-1,0,0,2
0,2,36;73,-1,0,0,2
0,2,36;74,-1,0,0,2
0,2,36;76,-1,0,0,2
0,2,41;42,-1,0,0,2
0,2,41;43,-1,0,0,2
0,2,41;48,-1,0,0,2
0,2,41;51,-1,0,0,2
0,2,41;52,-1,0,0,2
0,2,41;55,-1,0,0,2
0,2,41;60,-1,0,0,2
0,2,41;61,-1,0,0,2
0,2,41;63,-1,0,0,2
0,2,41;68,-1,0,0,2
0,2,41;73,-1,0,0,2
0,2,41;74,-1,0,0,2
0,2,41;76,-1,0,0,2
0,2,42;43,-1,0,0,2
0,2,42;48,-1,0,0,2
0,2,42;51,-1,0,0,2
0,2,42;52,-1,0,0,2
0,2,42;55,-1,0,0,2
0,2,42;60,-1,0,0,2
0,2,42;61,-1,0,0,2
0,2,42;63,-1,0,0,2
0,2,42;68,-1,0,0,2
0,2,42;73,-1,0,0,2
0,2,42;74,-1,0,0,2
0,2,42;76,-1,0,0,2
0,2,43;48,-1,0,0,2
0,2,43;51,-1,0,0,2
0,2,43;52,-1,0,0,2
0,2,43;55,-1,0,0,2
0,2,43;60,-1,0,0,2
0,2,43;61,-1,0,0,2
0,2,43;63,-1,0,0,2
0,2,43;68,-1,0,0,2
0,2,43;73,-1,0,0,2
0,2,43;74,-1,0,0,2
0,2,43;76,-1,0,0,2
0,2,48;51,-1,0,0,2
0,2,48;52,-1,0,0,2
0,2,48;55,-1,0,0,2
0,2,48;60,-1,0,0,2
0,2,48;61,-1,0,0,2
0,2,48;63,-1,0,0,2
0,2,48;68,-1,0,0,2
0,2,48;73,-1,0,0,2
0,2,48;74,-1,0,0,2
0,2,48;76,-1,0,0,2
0,2,51;52,-1,0,0,2
0,2,51;55,-1,0,0,2
0,2,51;60,-1,0,0,2
0,2,51;61,-1,0,0,2
0,2,51;63,-1,0,0,2
0,2,51;68,-1,0,0,2
0,2,51;73,-1,0,0,2
0,2,51;74,-1,0,0,2
0,2,51;76,-1,0,0,2
0,2,52;55,-1,0,0,2
0,2,52;60,-1,0,0,2
0,2,52;61,-1,0,0,2
0,2,52;63,-1,0,0,2
0,2,52;68,-1,0,0,2
0,2,52;73,-1,0,0,2
0,2,52;74,-1,0,0,2
0,2,52;76,-1,0,0,2
0,2,55;60,-1,0,0,2
0,2,55;61,-1,0,0,2
0,2,55;63,-1,0,0,2
0,2,55;68,-1,0,0,2
0,2,55;73,-1,0,0,2
0,2,55;74,-1,0,0,2
0,2,55;76,-1,0,0,2
0,2,60;61,-1,0,0,2
0,2,60;63,-1,0,0,2
0,2,60;68,-1,0,0,2
0,2,60;73,-1,0,0,2
0,2,60;74,-1,0,0,2
0,2,60;76,-1,0,0,2
0,2,61;63,-1,0,0,2
0,2,61;68,-1,0,0,2
0,2,61;73,-1,0,0,2
0,2,61;74,-1,0,0,2
0,2,61;76,-1,0,0,2
0,2,63;68,-1,0,0,2
0,2,63;73,-1,0,0,2
0,2,63;74,-1,0,0,2
0,2,63;76,-1,0,0,2
0,2,68;73,-1,0,0,2
0,2,68;74,-1,0,0,2
0,2,68;76,-1,0,0,2
0,2,73;74,-1,0,0,2
0,2,73;76,-1,0,0,2
0,2,74;76,-1,0,0,2
1,2,1;3,-1,0,0,2
1,2,1;4,-1,0,0,2
1,2,1;5,-1,0,0,2
1,2,1;8,-1,0,0,2
1,2,1;9,-1,0,0,2
1,2,1;10,-1,0,0,2
1,2,1;11,-1,0,0,2
1,2,1;12,-1,0,0,2
1,2,1;13,-1,0,0,2
1,2,1;14,-1,0,0,2
1,2,1;15,-1,0,0,2
1,2,1;19,-1,0,0,2
1,2,1;23,-1,0,0,2
1,2,1;32,-1,0,0,2
1,2,1;33,-1,0,0,2
1,2,1;34,-1,0,0,2
1,2,1;35,-1,0,0,2
1,2,1;37,-1,0,0,2
1,2,1;42,-1,0,0,2
1,2,1;44,-1,0,0,2
1,2,1;46,-1,0,0,2
1,2,1;47,-1,0,0,2
1,2,1;48,-1,0,0,2
1,2,1;50,-1,0,0,2
1,2,1;51,-1,0,0,2
1,2,1;52,-1,0,0,2
1,2,1;53,-1,0,0,2
1,2,1;57,-1,0,0,2
1,2,1;60,-1,0,0,2
1,2,1;61,-1,0,0,2
1,2,1;66,-1,0,0,2
1,2,1;67,-1,0,0,2
1,2,1;75,-1,0,0,2
1,2,1;76,-1,0,0,2
1,2,1;79,-1,0,0,2
1,2,3;4,-1,0,0,2
1,2,3;5,-1,0,0,2
1,2,3;8,-1,0,0,2
1,2,3;9,-1,0,0,2
1,2,3;10,-1,0,0,2
1,2,3;11,-1,0,0,2
1,2,3;12,-1,0,0,2
1,2,3;13,-1,0,0,2
1,2,3;14,-1,0,0,2
1,2,3;15,-1,0,0,2
1,2,3;19,-1,0,0,2
1,2,3;23,-1,0,0,2
1,2,3;32,-1,0,0,2
1,2,3;33,-1,0,0,2
1,2,3;34,-1,0,0,2
1,2,3;35,-1,0,0,2
1,2,3;37,-1,0,0,2
1,2,3;42,-1,0,0,2
1,2,3;44,-1,0,0,2
1,2,3;46,-1,0,0,2
1,2,3;47,-1,0,0,2
1,2,3;48,-1,0,0,2
1,2,3;50,-1,0,0,2
1,2,3;51,-1,0,0,2
1,2,3;52,-1,0,0,2
1,2,3;53,-1,0,0,2
1,2,3;57,-1,0,0,2
1,2,3;60,-1,0,0,2
1,2,3;61,-1,0,0,2
1,2,3;66,-1,0,0,2
1,2,3;67,-1,0,0,2
1,2,3;75,-1,0,0,2
1,2,3;76,-1,0,0,2
1,2,3;79,-1,0,0,2
1,2,4;5,-1,0,0,2
1,2,4;8,-1,0,0,2
1,2,4;9,-1,0,0,2
1,2,4;10,-1,0,0,2
1,2,4;11,-1,0,0,2
1,2,4;12,-1,0,0,2
1,2,4;13,-1,0,0,2
1,2,4;14,-1,0,0,2
1,2,4;15,-1,0,0,2
1,2,4;19,-1,0,0,2
1,2,4;23,-1,0,0,2
1,2,4;32,-1,0,0,2
1,2,4;33,-1,0,0,2
1,2,4;34,-1,0,0,2
1,2,4;35,-1,0,0,2
1,2,4;37,-1,0,0,2
1,2,4;42,-1,0,0,2
1,2,4;44,-1,0,0,2
1,2,4;46,-1,0,0,2
1,2,4;47,-1,0,0,2
1,2,4;48,-1,0,0,2
1,2,4;50,-1,0,0,2
1,2,4;51,-1,0,0,2
1,2,4;52,-1,0,0,2
1,2,4;53,-1,0,0,2
1,2,4;57,-1,0,0,2
1,2,4;60,-1,0,0,2
1,2,4;61,-1,0,0,2
1,2,4;66,-1,0,0,2
1,2,4;67,-1,0,0,2
1,2,4;75,-1,0,0,2
1,2,4;76,-1,0,0,2
1,2,4;79,-1,0,0,2
1,2,5;8,-1,0,0,2
1,2,5;9,-1,0,0,2
1,2,5;10,-1,0,0,2
1,2,5;11,-1,0,0,2
1,2,5;12,-1,0,0,2
1,2,5;13,-1,0,0,2
1,2,5;14,-1,0,0,2
1,2,5;15,-1,0,0,2
1,2,5;19,-1,0,0,2
1,2,5;23,-1,0,0,2
1,2,5;32,-1,0,0,2
1,2,5;33,-1,0,0,2
1,2,5;34,-1,0,0,2
1,2,5;35,-1,0,0,2
1,2,5;37,-1,0,0,2
1,2,5;42,-1,0,0,2
1,2,5;44,-1,0,0,2
1,2,5;46,-1,0,0,2
1,2,5;47,-1,0,0,2
1,2,5;48,-1,0,0,2
1,2,5;50,-1,0,0,2
1,2,5;51,-1,0,0,2
1,2,5;52,-1,0,0,2
1,2,5;53,-1,0,0,2
1,2,5;57,-1,0,0,2
1,2,5;60,-1,0,0,2
1,2,5;61,-1,0,0,2
1,2,5;66,-1,0,0,2
1,2,5;67,-1,0,0,2
1,2,5;75,-1,0,0,2
1,2,5;76,-1,0,0,2
1,2,5;79,-1,0,0,2
1,2,8;9,-1,0,0,2
1,2,8;10,-1,0,0,2
1,2,8;11,-1,0,0,2
1,2,8;12,-1,0,0,2
1,2,8;13,-1,0,0,2
1,2,8;14,-1,0,0,2
1,2,8;15,-1,0,0,2
1,2,8;19,-1,0,0,2
1,2,8;23,-1,0,0,2
1,2,8;32,-1,0,0,2
1,2,8;33,-1,0,0,2
1,2,8;34,-1,0,0,2
1,2,8;35,-1,0,0,2
1,2,8;37,-1,0,0,2
1,2,8;42,-1,0,0,2
1,2,8;44,-1,0,0,2
1,2,8;46,-1,0,0,2
1,2,8;47,-1,0,0,2
1,2,8;48,-1,0,0,2
1,2,8;50,-1,0,0,2
1,2,8;51,-1,0,0,2
1,2,8;52,-1,0,0,2
1,2,8;53,-1,0,0,2
1,2,8;57,-1,0,0,2
1,2,8;60,-1,0,0,2
1,2,8;61,-1,0,0,2
1,2,8;66,-1,0,0,2
1,2,8;67,-1,0,0,2
1,2,8;75,-1,0,0,2
1,2,8;76,-1,0,0,2
1,2,8;79,-1,0,0,2
1,2,9;10,-1,0,0,2
1,2,9;11,-1,0,0,2
1,2,9;12,-1,0,0,2
1,2,9;13,-1,0,0,2
1,2,9;14,-1,0,0,2
1,2,9;15,-1,0,0,2
1,2,9;19,-1,0,0,2
1,2,9;23,-1,0,0,2
1,2,9;32,-1,0,0,2
1,2,9;33,-1,0,0,2
1,2,9;34,-1,0,0,2
1,2,9;35,-1,0,0,2
1,2,9;37,-1,0,0,2
1,2,9;42,-1,0,0,2
1,2,9;44,-1,0,0,2
1,2,9;46,-1,0,0,2
1,2,9;47,-1,0,0,2
1,2,9;48,-1,0,0,2
1,2,9;50,-1,0,0,2
1,2,9;51,-1,0,0,2
1,2,9;52,-1,0,0,2
1,2,9;53,-1,0,0,2
1,2,9;57,-1,0,0,2
1,2,9;60,-1,0,0,2
1,2,9;61,-1,0,0,2
1,2,9;66,-1,0,0,2
1,2,9;67,-1,0,0,2
1,2,9;75,-1,0,0,2
1,2,9;76,-1,0,0,2
1,2,9;79,-1,0,0,2
1,2,10;11,-1,0,0,2
1,2,10;12,-1,0,0,2
1,2,10;13,-1,0,0,2
1,2,10;14,-1,0,0,2
1,2,10;15,-1,0,0,2
1,2,10;19,-1,0,0,2
1,2,10;23,-1,0,0,2
1,2,10;32,-1,0,0,2
1,2,10;33,-1,0,0,2
1,2,10;34,-1,0,0,2
1,2,10;35,-1,0,0,2
1,2,10;37,-1,0,0,2
1,2,10;42,-1,0,0,2
1,2,10;44,-1,0,0,2
1,2,10;46,-1,0,0,2
1,2,10;47,-1,0,0,2
1,2,10;48,-1,0,0,2
1,2,10;50,-1,0,0,2
1,2,10;51,-1,0,0,2
1,2,10;52,-1,0,0,2
1,2,10;53,-1,0,0,2
1,2,10;57,-1,0,0,2
1,2,10;60,-1,0,0,2
1,2,10;61,-1,0,0,2
1,2,10;66,-1,0,0,2
1,2,10;67,-1,0,0,2
1,2,10;75,-1,0,0,2
1,2,10;76,-1,0,0,2
1,2,10;79,-1,0,0,2
1,2,11;12,-1,0,0,2
1,2,11;13,-1,0,0,2
1,2,11;14,-1,0,0,2
1,2,11;15,-1,0,0,2
1,2,11;19,-1,0,0,2
1,2,11;23,-1,0,0,2
1,2,11;32,-1,0,0,2
1,2,11;33,-1,0,0,2
1,2,11;34,-1,0,0,2
1,2,11;35,-1,0,0,2
1,2,11;37,-1,0,0,2
1,2,11;42,-1,0,0,2
1,2,11;44,-1,0,0,2
1,2,11;46,-1,0,0,2
1,2,11;47,-1,0,0,2
1,2,11;48,-1,0,0,2
1,2,11;50,-1,0,0,2
1,2,11;51,-1,0,0,2
1,2,11;52,-1,0,0,2
1,2,11;53,-1,0,0,2
1,2,11;57,-1,0,0,2
1,2,11;60,-1,0,0,2
1,2,11;61,-1,0,0,2
1,2,11;66,-1,0,0,2
1,2,11;67,-1,0,0,2
1,2,11;75,-1,0,0,2
1,2,11;76,-1,0,0,2
1,2,11;79,-1,0,0,2
1,2,12;13,-1,0,0,2
1,2,12;14,-1,0,0,2
1,2,12;15,-1,0,0,2
1,2,12;19,-1,0,0,2
1,2,12;23,-1,0,0,2
1,2,12;32,-1,0,0,2
1,2,12;33,-1,0,0,2
1,2,12;34,-1,0,0,2
1,2,12;35,-1,0,0,2
1,2,12;37,-1,0,0,2
1,2,12;42,-1,0,0,2
1,2,12;44,-1,0,0,2
1,2,12;46,-1,0,0,2
1,2,12;47,-1,0,0,2
1,2,12;48,-1,0,0,2
1,2,12;50,-1,0,0,2
1,2,12;51,-1,0,0,2
1,2,12;52,-1,0,0,2
1,2,12;53,-1,0,0,2
1,2,12;57,-1,0,0,2
1,2,12;60,-1,0,0,2
1,2,12;61,-1,0,0,2
1,2,12;66,-1,0,0,2
1,2,12;67,-1,0,0,2
1,2,12;75,-1,0,0,2
1,2,12;76,-1,0,0,2
1,2,12;79,-1,0,0,2
1,2,13;14,-1,0,0,2
1,2,13;15,-1,0,0,2
1,2,13;19,-1,0,0,2
1,2,13;23,-1,0,0,2
1,2,13;32,-1,0,0,2
1,2,13;33,-1,0,0,2
1,2,13;34,-1,0,0,2
1,2,13;35,-1,0,0,2
1,2,13;37,-1,0,0,2
1,2,13;42,-1,0,0,2
1,2,13;44,-1,0,0,2
1,2,13;46,-1,0,0,2
1,2,13;47,-1,0,0,2
1,2,13;48,-1,0,0,2
1,2,13;50,-1,0,0,2
1,2,13;51,-1,0,0,2
1,2,13;52,-1,0,0,2
1,2,13;53,-1,0,0,2
1,2,13;57,-1,0,0,2
1,2,13;60,-1,0,0,2
1,2,13;61,-1,0,0,2
1,2,13;66,-1,0,0,2
1,2,13;67,-1,0,0,2
1,2,13;75,-1,0,0,2
1,2,13;76,-1,0,0,2
1,2,13;79,-1,0,0,2
1,2,14;15,-1,0,0,2
1,2,14;19,-1,0,0,2
1,2,14;23,-1,0,0,2
1,2,14;32,-1,0,0,2
1,2,14;33,-1,0,0,2
1,2,14;34,-1,0,0,2
1,2,14;35,-1,0,0,2
1,2,14;37,-1,0,0,2
1,2,14;42,-1,0,0,2
1,2,14;44,-1,0,0,2
1,2,14;46,-1,0,0,2
1,2,14;47,-1,0,0,2
1,2,14;48,-1,0,0,2
1,2,14;50,-1,0,0,2
1,2,14;51,-1,0,0,2
1,2,14;52,-1,0,0,2
1,2,14;53,-1,0,0,2
1,2,14;57,-1,0,0,2
1,2,14;60,-1,0,0,2
1,2,14;61,-1,0,0,2
1,2,14;66,-1,0,0,2
1,2,14;67,-1,0,0,2
1,2,14;75,-1,0,0,2
1,2,14;76,-1,0,0,2
1,2,14;79,-1,0,0,2
1,2,15;19,-1,0,0,2
1,2,15;23,-1,0,0,2
1,2,15;32,-1,0,0,2
1,2,15;33,-1,0,0,2
1,2,15;34,-1,0,0,2
1,2,15;35,-1,0,0,2
1,2,15;37,-1,0,0,2
1,2,15;42,-1,0,0,2
1,2,15;44,-1,0,0,2
1,2,15;46,-1,0,0,2
1,2,15;47,-1,0,0,2
1,2,15;48,-1,0,0,2
1,2,15;50,-1,0,0,2
1,2,15;51,-1,0,0,2
1,2,15;52,-1,0,0,2
1,2,15;53,-1,0,0,2
1,2,15;57,-1,0,0,2
1,2,15;60,-1,0,0,2
1,2,15;61,-1,0,0,2
1,2,15;66,-1,0,0,2
1,2,15;67,-1,0,0,2
1,2,15;75,-1,0,0,2
1,2,15;76,-1,0,0,2
1,2,15;79,-1,0,0,2
1,2,19;23,-1,0,0,2
1,2,19;32,-1,0,0,2
1,2,19;33,-1,0,0,2
1,2,19;34,-1,0,0,2
1,2,19;35,-1,0,0,2
1,2,19;37,-1,0,0,2
1,2,19;42,-1,0,0,2
1,2,19;44,-1,0,0,2
1,2,19;46,-1,0,0,2
1,2,19;47,-1,0,0,2
1,2,19;48,-1,0,0,2
1,2,19;50,-1,0,0,2
1,2,19;51,-1,0,0,2
1,2,19;52,-1,0,0,2
1,2,19;53,-1,0,0,2
1,2,19;57,-1,0,0,2
1,2,19;60,-1,0,0,2
1,2,19;61,-1,0,0,2
1,2,19;66,-1,0,0,2
1,2,19;67,-1,0,0,2
1,2,19;75,-1,0,0,2
1,2,19;76,-1,0,0,2
1,2,19;79,-1,0,0,2
1,2,23;32,-1,0,0,2
1,2,23;33,-1,0,0,2
1,2,23;34,-1,0,0,2
1,2,23;35,-1,0,0,2
1,2,23;37,-1,0,0,2
1,2,23;42,-1,0,0,2
1,2,23;44,-1,0,0,2
1,2,23;46,-1,0,0,2
1,2,23;47,-1,0,0,2
1,2,23;48,-1,0,0,2
1,2,23;50,-1,0,0,2
1,2,23;51,-1,0,0,2
1,2,23;52,-1,0,0,2
1,2,23;53,-1,0,0,2
1,2,23;57,-1,0,0,2
1,2,23;60,-1,0,0,2
1,2,23;61,-1,0,0,2
1,2,23;66,-1,0,0,2
1,2,23;67,-1,0,0,2
1,2,23;75,-1,0,0,2
1,2,23;76,-1,0,0,2
1,2,23;79,-1,0,0,2
1,2,32;33,-1,0,0,2
1,2,32;34,-1,0,0,2
1,2,32;35,-1,0,0,2
1,2,32;37,-1,0,0,2
1,2,32;42,-1,0,0,2
1,2,32;44,-1,0,0,2
1,2,32;46,-1,0,0,2
1,2,32;47,-1,0,0,2
1,2,32;48,-1,0,0,2
1,2,32;50,-1,0,0,2
1,2,32;51,-1,0,0,2
1,2,32;52,-1,0,0,2
1,2,32;53,-1,0,0,2
1,2,32;57,-1,0,0,2
1,2,32;60,-1,0,0,2
1,2,32;61,-1,0,0,2
1,2,32;66,-1,0,0,2
1,2,32;67,-1,0,0,2
1,2,32;75,-1,0,0,2
1,2,32;76,-1,0,0,2
1,2,32;79,-1,0,0,2
1,2,33;34,-1,0,0,2
1,2,33;35,-1,0,0,2
1,2,33;37,-1,0,0,2
1,2,33;42,-1,0,0,2
1,2,33;44,-1,0,0,2
1,2,33;46,-1,0,0,2
1,2,33;47,-1,0,0,2
1,2,33;48,-1,0,0,2
1,2,33;50,-1,0,0,2
1,2,33;51,-1,0,0,2
1,2,33;52,-1,0,0,2
1,2,33;53,-1,0,0,2
1,2,33;57,-1,0,0,2
1,2,33;60,-1,0,0,2
1,2,33;61,-1,0,0,2
1,2,33;66,-1,0,0,2
1,2,33;67,-1,0,0,2
1,2,33;75,-1,0,0,2
1,2,33;76,-1,0,0,2
1,2,33;79,-1,0,0,2
1,2,34;35,-1,0,0,2
1,2,34;37,-1,0,0,2
1,2,34;42,-1,0,0,2
1,2,34;44,-1,0,0,2
1,2,34;46,-1,0,0,2
1,2,34;47,-1,0,0,2
1,2,34;48,-1,0,0,2
1,2,34;50,-1,0,0,2
1,2,34;51,-1,0,0,2
1,2,34;52,-1,0,0,2
1,2,34;53,-1,0,0,2
1,2,34;57,-1,0,0,2
1,2,34;60,-1,0,0,2
1,2,34;61,-1,0,0,2
1,2,34;66,-1,0,0,2
1,2,34;67,-1,0,0,2
1,2,34;75,-1,0,0,2
1,2,34;76,-1,0,0,2
1,2,34;79,-1,0,0,2
1,2,35;37,-1,0,0,2
1,2,35;42,-1,0,0,2
1,2,35;44,-1,0,0,2
1,2,35;46,-1,0,0,2
1,2,35;47,-1,0,0,2
1,2,35;48,-1,0,0,2
1,2,35;50,-1,0,0,2
1,2,35;51,-1,0,0,2
1,2,35;52,-1,0,0,2
1,2,35;53,-1,0,0,2
1,2,35;57,-1,0,0,2
1,2,35;60,-1,0,0,2
1,2,35;61,-1,0,0,2
1,2,35;66,-1,0,0,2
1,2,35;67,-1,0,0,2
1,2,35;75,-1,0,0,2
1,2,35;76,-1,0,0,2
1,2,35;79,-1,0,0,2
1,2,37;42,-1,0,0,2
1,2,37;44,-1,0,0,2
1,2,37;46,-1,0,0,2
1,2,37;47,-1,0,0,2
1,2,37;48,-1,0,0,2
1,2,37;50,-1,0,0,2
1,2,37;51,-1,0,0,2
1,2,37;52,-1,0,0,2
1,2,37;53,-1,0,0,2
1,2,37;57,-1,0,0,2
1,2,37;60,-1,0,0,2
1,2,37;61,-1,0,0,2
1,2,37;66,-1,0,0,2
1,2,37;67,-1,0,0,2
1,2,37;75,-1,0,0,2
1,2,37;76,-1,0,0,2
1,2,37;79,-1,0,0,2
1,2,42;44,-1,0,0,2
1,2,42;46,-1,0,0,2
1,2,42;47,-1,0,0,2
1,2,42;48,-1,0,0,2
1,2,42;50,-1,0,0,2
1,2,42;51,-1,0,0,2
1,2,42;52,-1,0,0,2
1,2,42;53,-1,0,0,2
1,2,42;57,-1,0,0,2
1,2,42;60,-1,0,0,2
1,2,42;61,-1,0,0,2
1,2,42;66,-1,0,0,2
1,2,42;67,-1,0,0,2
1,2,42;75,-1,0,0,2
1,2,42;76,-1,0,0,2
1,2,42;79,-1,0,0,2
1,2,44;46,-1,0,0,2
1,2,44;47,-1,0,0,2
1,2,44;48,-1,0,0,2
1,2,44;50,-1,0,0,2
1,2,44;51,-1,0,0,2
1,2,44;52,-1,0,0,2
1,2,44;53,-1,0,0,2
1,2,44;57,-1,0,0,2
1,2,44;60,-1,0,0,2
1,2,44;61,-1,0,0,2
1,2,44;66,-1,0,0,2
1,2,44;67,-1,0,0,2
1,2,44;75,-1,0,0,2
1,2,44;76,-1,0,0,2
1,2,44;79,-1,0,0,2
1,2,46;47,-1,0,0,2
1,2,46;48,-1,0,0,2
1,2,46;50,-1,0,0,2
1,2,46;51,-1,0,0,2
1,2,46;52,-1,0,0,2
1,2,46;53,-1,0,0,2
1,2,46;57,-1,0,0,2
1,2,46;60,-1,0,0,2
1,2,46;61,-1,0,0,2
1,2,46;66,-1,0,0,2
1,2,46;67,-1,0,0,2
1,2,46;75,-1,0,0,2
1,2,46;76,-1,0,0,2
1,2,46;79,-1,0,0,2
1,2,47;48,-1,0,0,2
1,2,47;50,-1,0,0,2
1,2,47;51,-1,0,0,2
1,2,47;52,-1,0,0,2
1,2,47;53,-1,0,0,2
1,2,47;57,-1,0,0,2
1,2,47;60,-1,0,0,2
1,2,47;61,-1,0,0,2
1,2,47;66,-1,0,0,2
1,2,47;67,-1,0,0,2
1,2,47;75,-1,0,0,2
1,2,47;76,-1,0,0,2
1,2,47;79,-1,0,0,2
1,2,48;50,-1,0,0,2
1,2,48;51,-1,0,0,2
1,2,48;52,-1,0,0,2
1,2,48;53,-1,0,0,2
1,2,48;57,-1,0,0,2
1,2,48;60,-1,0,0,2
1,2,48;61,-1,0,0,2
1,2,48;66,-1,0,0,2
1,2,48;67,-1,0,0,2
1,2,48;75,-1,0,0,2
1,2,48;76,-1,0,0,2
1,2,48;79,-1,0,0,2
1,2,50;51,-1,0,0,2
1,2,50;52,-1,0,0,2
1,2,50;53,-1,0,0,2
1,2,50;57,-1,0,0,2
1,2,50;60,-1,0,0,2
1,2,50;61,-1,0,0,2
1,2,50;66,-1,0,0,2
1,2,50;67,-1,0,0,2
1,2,50;75,-1,0,0,2
1,2,50;76,-1,0,0,2
1,2,50;79,-1,0,0,2
1,2,51;52,-1,0,0,2
1,2,51;53,-1,0,0,2
1,2,51;57,-1,0,0,2
1,2,51;60,-1,0,0,2
1,2,51;61,-1,0,0,2
1,2,51;66,-1,0,0,2
1,2,51;67,-1,0,0,2
1,2,51;75,-1,0,0,2
1,2,51;76,-1,0,0,2
1,2,51;79,-1,0,0,2
1,2,52;53,-1,0,0,2
1,2,52;57,-1,0,0,2
1,2,52;60,-1,0,0,2
1,2,52;61,-1,0,0,2
1,2,52;66,-1,0,0,2
1,2,52;67,-1,0,0,2
1,2,52;75,-1,0,0,2
1,2,52;76,-1,0,0,2
1,2,52;79,-1,0,0,2
1,2,53;57,-1,0,0,2
1,2,53;60,-1,0,0,2
1,2,53;61,-1,0,0,2
1,2,53;66,-1,0,0,2
1,2,53;67,-1,0,0,2
1,2,53;75,-1,0,0,2
1,2,53;76,-1,0,0,2
1,2,53;79,-1,0,0,2
1,2,57;60,-1,0,0,2
1,2,57;61,-1,0,0,2
1,2,57;66,-1,0,0,2
1,2,57;67,-1,0,0,2
1,2,57;75,-1,0,0,2
1,2,57;76,-1,0,0,2
1,2,57;79,-1,0,0,2
1,2,60;61,-1,0,0,2
1,2,60;66,-1,0,0,2
1,2,60;67,-1,0,0,2
1,2,60;75,-1,0,0,2
1,2,60;76,-1,0,0,2
1,2,60;79,-1,0,0,2
1,2,61;66,-1,0,0,2
1,2,61;67,-1,0,0,2
1,2,61;75,-1,0,0,2
1,2,61;76,-1,0,0,2
1,2,61;79,-1,0,0,2
1,2,66;67,-1,0,0,2
1,2,66;75,-1,0,0,2
1,2,66;76,-1,0,0,2
1,2,66;79,-1,0,0,2
1,2,67;75,-1,0,0,2
1,2,67;76,-1,0,0,2
1,2,67;79,-1,0,0,2
1,2,75;76,-1,0,0,2
1,2,75;79,-1,0,0,2
1,2,76;79,-1,0,0,2
2,2,0;1,-1,0,0,2
2,2,0;2,-1,0,0,2
2,2,0;3,-1,0,0,2
2,2,0;5,-1,0,0,2
2,2,0;6,-1,0,0,2
2,2,0;7,-1,0,0,2
2,2,0;9,-1,0,0,2
2,2,0;10,-1,0,0,2
2,2,0;12,-1,0,0,2
2,2,0;14,-1,0,0,2
2,2,0;16,-1,0,0,2
2,2,0;18,-1,0,0,2
2,2,0;19,-1,0,0,2
2,2,0;22,-1,0,0,2
2,2,0;24,-1,0,0,2
2,2,0;25,-1,0,0,2
2,2,0;26,-1,0,0,2
2,2,0;30,-1,0,0,2
2,2,0;37,-1,0,0,2
2,2,0;44,-1,0,0,2
2,2,0;48,-1,0,0,2
2,2,0;49,-1,0,0,2
2,2,0;51,-1,0,0,2
2,2,0;54,-1,0,0,2
2,2,0;58,-1,0,0,2
2,2,0;59,-1,0,0,2
2,2,0;60,-1,0,0,2
2,2,0;62,-1,0,0,2
2,2,0;63,-1,0,0,2
2,2,0;64,-1,0,0,2
2,2,0;65,-1,0,0,2
2,2,0;67,-1,0,0,2
2,2,0;72,-1,0,0,2
2,2,0;73,-1,0,0,2
2,2,0;74,-1,0,0,2
2,2,0;77,-1,0,0,2
2,2,0;78,-1,0,0,2
2,2,1;2,-1,0,0,2
2,2,1;3,-1,0,0,2
2,2,1;5,-1,0,0,2
2,2,1;6,-1,0,0,2
2,2,1;7,-1,0,0,2
2,2,1;9,-1,0,0,2
2,2,1;10,-1,0,0,2
2,2,1;12,-1,0,0,2
2,2,1;14,-1,0,0,2
2,2,1;16,-1,0,0,2
2,2,1;18,-1,0,0,2
2,2,1;19,-1,0,0,2
2,2,1;22,-1,0,0,2
2,2,1;24,-1,0,0,2
2,2,1;25,-1,0,0,2
2,2,1;26,-1,0,0,2
2,2,1;30,-1,0,0,2
2,2,1;37,-1,0,0,2
2,2,1;44,-1,0,0,2
2,2,1;48,-1,0,0,2
2,2,1;49,-1,0,0,2
2,2,1;51,-1,0,0,2
2,2,1;54,-1,0,0,2
2,2,1;58,-1,0,0,2
2,2,1;59,-1,0,0,2
2,2,1;60,-1,0,0,2
2,2,1;62,-1,0,0,2
2,2,1;63,-1,0,0,2
2,2,1;64,-1,0,0,2
2,2,1;65,-1,0,0,2
2,2,1;67,-1,0,0,2
2,2,1;72,-1,0,0,2
2,2,1;73,-1,0,0,2
2,2,1;74,-1,0,0,2
2,2,1;77,-1,0,0,2
2,2,1;78,-1,0,0,2
2,2,2;3,-1,0,0,2
2,2,2;5,-1,0,0,2
2,2,2;6,-1,0,0,2
2,2,2;7,-1,0,0,2
2,2,2;9,-1,0,0,2
2,2,2;10,-1,0,0,2
2,2,2;12,-1,0,0,2
2,2,2;14,-1,0,0,2
2,2,2;16,-1,0,0,2
2,2,2;18,-1,0,0,2
2,2,2;19,-1,0,0,2
2,2,2;22,-1,0,0,2
2,2,2;24,-1,0,0,2
2,2,2;25,-1,0,0,2
2,2,2;26,-1,0,0,2
2,2,2;30,-1,0,0,2
2,2,2;37,-1,0,0,2
2,2,2;44,-1,0,0,2
2,2,2;48,-1,0,0,2
2,2,2;49,-1,0,0,2
2,2,2;51,-1,0,0,2
2,2,2;54,-1,0,0,2
2,2,2;58,-1,0,0,2
2,2,2;59,-1,0,0,2
2,2,2;60,-1,0,0,2
2,2,2;62,-1,0,0,2
2,2,2;63,-1,0,0,2
2,2,2;64,-1,0,0,2
2,2,2;65,-1,0,0,2
2,2,2;67,-1,0,0,2
2,2,2;72,-1,0,0,2
2,2,2;73,-1,0,0,2
2,2,2;74,-1,0,0,2
2,2,2;77,-1,0,0,2
2,2,2;78,-1,0,0,2
2,2,3;5,-1,0,0,2
2,2,3;6,-1,0,0,2
2,2,3;7,-1,0,0,2
2,2,3;9,-1,0,0,2
2,2,3;10,-1,0,0,2
2,2,3;12,-1,0,0,2
2,2,3;14,-1,0,0,2
2,2,3;16,-1,0,0,2
2,2,3;18,-1,0,0,2
2,2,3;19,-1,0,0,2
2,2,3;22,-1,0,0,2
2,2,3;24,-1,0,0,2
2,2,3;25,-1,0,0,2
2,2,3;26,-1,0,0,2
2,2,3;30,-1,0,0,2
2,2,3;37,-1,0,0,2
2,2,3;44,-1,0,0,2
2,2,3;48,-1,0,0,2
2,2,3;49,-1,0,0,2
2,2,3;51,-1,0,0,2
2,2,3;54,-1,0,0,2
2,2,3;58,-1,0,0,2
2,2,3;59,-1,0,0,2
2,2,3;60,-1,0,0,2
2,2,3;62,-1,0,0,2
2,2,3;63,-1,0,0,2
2,2,3;64,-1,0,0,2
2,2,3;65,-1,0,0,2
2,2,3;67,-1,0,0,2
2,2,3;72,-1,0,0,2
2,2,3;73,-1,0,0,2
2,2,3;74,-1,0,0,2
2,2,3;77,-1,0,0,2
2,2,3;78,-1,0,0,2
2,2,5;6,-1,0,0,2
2,2,5;7,-1,0,0,2
2,2,5;9,-1,0,0,2
2,2,5;10,-1,0,0,2
2,2,5;12,-1,0,0,2
2,2,5;14,-1,0,0,2
2,2,5;16,-1,0,0,2
2,2,5;18,-1,0,0,2
2,2,5;19,-1,0,0,2
2,2,5;22,-1,0,0,2
2,2,5;24,-1,0,0,2
2,2,5;25,-1,0,0,2
2,2,5;26,-1,0,0,2
2,2,5;30,-1,0,0,2
2,2,5;37,-1,0,0,2
2,2,5;44,-1,0,0,2
2,2,5;48,-1,0,0,2
2,2,5;49,-1,0,0,2
2,2,5;51,-1,0,0,2
2,2,5;54,-1,0,0,2
2,2,5;58,-1,0,0,2
2,2,5;59,-1,0,0,2
2,2,5;60,-1,0,0,2
2,2,5;62,-1,0,0,2
2,2,5;63,-1,0,0,2
2,2,5;64,-1,0,0,2
2,2,5;65,-1,0,0,2
2,2,5;67,-1,0,0,2
2,2,5;72,-1,0,0,2
2,2,5;73,-1,0,0,2
2,2,5;74,-1,0,0,2
2,2,5;77,-1,0,0,2
2,2,5;78,-1,0,0,2
2,2,6;7,-1,0,0,2
2,2,6;9,-1,0,0,2
2,2,6;10,-1,0,0,2
2,2,6;12,-1,0,0,2
2,2,6;14,-1,0,0,2
2,2,6;16,-1,0,0,2
2,2,6;18,-1,0,0,2
2,2,6;19,-1,0,0,2
2,2,6;22,-1,0,0,2
2,2,6;24,-1,0,0,2
2,2,6;25,-1,0,0,2
2,2,6;26,-1,0,0,2
2,2,6;30,-1,0,0,2
2,2,6;37,-1,0,0,2
2,2,6;44,-1,0,0,2
2,2,6;48,-1,0,0,2
2,2,6;49,-1,0,0,2
2,2,6;51,-1,0,0,2
2,2,6;54,-1,0,0,2
2,2,6;58,-1,0,0,2
2,2,6;59,-1,0,0,2
2,2,6;60,-1,0,0,2
2,2,6;62,-1,0,0,2
2,2,6;63,-1,0,0,2
2,2,6;64,-1,0,0,2
2,2,6;65,-1,0,0,2
2,2,6;67,-1,0,0,2
2,2,6;72,-1,0,0,2
2,2,6;73,-1,0,0,2
2,2,6;74,-1,0,0,2
2,2,6;77,-1,0,0,2
2,2,6;78,-1,0,0,2
2,2,7;9,-1,0,0,2
2,2,7;10,-1,0,0,2
2,2,7;12,-1,0,0,2
2,2,7;14,-1,0,0,2
2,2,7;16,-1,0,0,2
2,2,7;18,-1,0,0,2
2,2,7;19,-1,0,0,2
2,2,7;22,-1,0,0,2
2,2,7;24,-1,0,0,2
2,2,7;25,-1,0,0,2
2,2,7;26,-1,0,0,2
2,2,7;30,-1,0,0,2
2,2,7;37,-1,0,0,2
2,2,7;44,-1,0,0,2
2,2,7;48,-1,0,0,2
2,2,7;49,-1,0,0,2
2,2,7;51,-1,0,0,2
2,2,7;54,-1,0,0,2
2,2,7;58,-1,0,0,2
2,2,7;59,-1,0,0,2
2,2,7;60,-1,0,0,2
2,2,7;62,-1,0,0,2
2,2,7;63,-1,0,0,2
2,2,7;64,-1,0,0,2
2,2,7;65,-1,0,0,2
2,2,7;67,-1,0,0,2
2,2,7;72,-1,0,0,2
2,2,7;73,-1,0,0,2
2,2,7;74,-1,0,0,2
2,2,7;77,-1,0,0,2
2,2,7;78,-1,0,0,2
2,2,9;10,-1,0,0,2
2,2,9;12,-1,0,0,2
2,2,9;14,-1,0,0,2
2,2,9;16,-1,0,0,2
2,2,9;18,-1,0,0,2
2,2,9;19,-1,0,0,2
2,2,9;22,-1,0,0,2
2,2,9;24,-1,0,0,2
2,2,9;25,-1,0,0,2
2,2,9;26,-1,0,0,2
2,2,9;30,-1,0,0,2
2,2,9;37,-1,0,0,2
2,2,9;44,-1,0,0,2
2,2,9;48,-1,0,0,2
2,2,9;49,-1,0,0,2
2,2,9;51,-1,0,0,2
2,2,9;54,-1,0,0,2
2,2,9;58,-1,0,0,2
2,2,9;59,-1,0,0,2
2,2,9;60,-1,0,0,2
2,2,9;62,-1,0,0,2
2,2,9;63,-1,0,0,2
2,2,9;64,-1,0,0,2
2,2,9;65,-1,0,0,2
2,2,9;67,-1,0,0,2
2,2,9;72,-1,0,0,2
2,2,9;73,-1,0,0,2
2,2,9;74,-1,0,0,2
2,2,9;77,-1,0,0,2
2,2,9;78,-1,0,0,2
2,2,10;12,-1,0,0,2
2,2,10;14,-1,0,0,2
2,2,10;16,-1,0,0,2
2,2,10;18,-1,0,0,2
2,2,10;19,-1,0,0,2
2,2,10;22,-1,0,0,2
2,2,10;24,-1,0,0,2
2,2,10;25,-1,0,0,2
2,2,10;26,-1,0,0,2
2,2,10;30,-1,0,0,2
2,2,10;37,-1,0,0,2
2,2,10;44,-1,0,0,2
2,2,10;48,-1,0,0,2
2,2,10;49,-1,0,0,2
2,2,10;51,-1,0,0,2
2,2,10;54,-1,0,0,2
2,2,10;58,-1,0,0,2
2,2,10;59,-1,0,0,2
2,2,10;60,-1,0,0,2
2,2,10;62,-1,0,0,2
2,2,10;63,-1,0,0,2
2,2,10;64,-1,0,0,2
2,2,10;65,-1,0,0,2
2,2,10;67,-1,0,0,2
2,2,10;72,-1,0,0,2
2,2,10;73,-1,0,0,2
2,2,10;74,-1,0,0,2
2,2,10;77,-1,0,0,2
2,2,10;78,-1,0,0,2
2,2,12;14,-1,0,0,2
2,2,12;16,-1,0,0,2
2,2,12;18,-1,0,0,2
2,2,12;19,-1,0,0,2
2,2,12;22,-1,0,0,2
2,2,12;24,-1,0,0,2
2,2,12;25,-1,0,0,2
2,2,12;26,-1,0,0,2
2,2,12;30,-1,0,0,2
2,2,12;37,-1,0,0,2
2,2,12;44,-1,0,0,2
2,2,12;48,-1,0,0,2
2,2,12;49,-1,0,0,2
2,2,12;51,-1,0,0,2
2,2,12;54,-1,0,0,2
2,2,12;58,-1,0,0,2
2,2,12;59,-1,0,0,2
2,2,12;60,-1,0,0,2
2,2,12;62,-1,0,0,2
2,2,12;63,-1,0,0,2
2,2,12;64,-1,0,0,2
2,2,12;65,-1,0,0,2
2,2,12;67,-1,0,0,2
2,2,12;72,-1,0,0,2
2,2,12;73,-1,0,0,2
2,2,12;74,-1,0,0,2
2,2,12;77,-1,0,0,2
2,2,12;78,-1,0,0,2
2,2,14;16,-1,0,0,2
2,2,14;18,-1,0,0,2
2,2,14;19,-1,0,0,2
2,2,14;22,-1,0,0,2
2,2,14;24,-1,0,0,2
2,2,14;25,-1,0,0,2
2,2,14;26,-1,0,0,2
2,2,14;30,-1,0,0,2
2,2,14;37,-1,0,0,2
2,2,14;44,-1,0,0,2
2,2,14;48,-1,0,0,2
2,2,14;49,-1,0,0,2
2,2,14;51,-1,0,0,2
2,2,14;54,-1,0,0,2
2,2,14;58,-1,0,0,2
2,2,14;59,-1,0,0,2
2,2,14;60,-1,0,0,2
2,2,14;62,-1,0,0,2
2,2,14;63,-1,0,0,2
2,2,14;64,-1,0,0,2
2,2,14;65,-1,0,0,2
2,2,14;67,-1,0,0,2
2,2,14;72,-1,0,0,2
2,2,14;73,-1,0,0,2
2,2,14;74,-1,0,0,2
2,2,14;77,-1,0,0,2
2,2,14;78,-1,0,0,2
2,2,16;18,-1,0,0,2
2,2,16;19,-1,0,0,2
2,2,16;22,-1,0,0,2
2,2,16;24,-1,0,0,2
2,2,16;25,-1,0,0,2
2,2,16;26,-1,0,0,2
2,2,16;30,-1,0,0,2
2,2,16;37,-1,0,0,2
2,2,16;44,-1,0,0,2
2,2,16;48,-1,0,0,2
2,2,16;49,-1,0,0,2
2,2,16;51,-1,0,0,2
2,2,16;54,-1,0,0,2
2,2,16;58,-1,0,0,2
2,2,16;59,-1,0,0,2
2,2,16;60,-1,0,0,2
2,2,16;62,-1,0,0,2
2,2,16;63,-1,0,0,2
2,2,16;64,-1,0,0,2
2,2,16;65,-1,0,0,2
2,2,16;67,-1,0,0,2
2,2,16;72,-1,0,0,2
2,2,16;73,-1,0,0,2
2,2,16;74,-1,0,0,2
2,2,16;77,-1,0,0,2
2,2,16;78,-1,0,0,2
2,2,18;19,-1,0,0,2
2,2,18;22,-1,0,0,2
2,2,18;24,-1,0,0,2
2,2,18;25,-1,0,0,2
2,2,18;26,-1,0,0,2
2,2,18;30,-1,0,0,2
2,2,18;37,-1,0,0,2
2,2,18;44,-1,0,0,2
2,2,18;48,-1,0,0,2
2,2,18;49,-1,0,0,2
2,2,18;51,-1,0,0,2
2,2,18;54,-1,0,0,2
2,2,18;58,-1,0,0,2
2,2,18;59,-1,0,0,2
2,2,18;60,-1,0,0,2
2,2,18;62,-1,0,0,2
2,2,18;63,-1,0,0,2
2,2,18;64,-1,0,0,2
2,2,18;65,-1,0,0,2
2,2,18;67,-1,0,0,2
2,2,18;72,-1,0,0,2
2,2,18;73,-1,0,0,2
2,2,18;74,-1,0,0,2
2,2,18;77,-1,0,0,2
2,2,18;78,-1,0,0,2
2,2,19;22,-1,0,0,2
2,2,19;24,-1,0,0,2
2,2,19;25,-1,0,0,2
2,2,19;26,-1,0,0,2
2,2,19;30,-1,0,0,2
2,2,19;37,-1,0,0,2
2,2,19;44,-1,0,0,2
2,2,19;48,-1,0,0,2
2,2,19;49,-1,0,0,2
2,2,19;51,-1,0,0,2
2,2,19;54,-1,0,0,2
2,2,19;58,-1,0,0,2
2,2,19;59,-1,0,0,2
2,2,19;60,-1,0,0,2
2,2,19;62,-1,0,0,2
2,2,19;63,-1,0,0,2
2,2,19;64,-1,0,0,2
2,2,19;65,-1,0,0,2
2,2,19;67,-1,0,0,2
2,2,19;72,-1,0,0,2
2,2,19;73,-1,0,0,2
2,2,19;74,-1,0,0,2
2,2,19;77,-1,0,0,2
2,2,19;78,-1,0,0,2
2,2,22;24,-1,0,0,2
2,2,22;25,-1,0,0,2
2,2,22;26,-1,0,0,2
2,2,22;30,-1,0,0,2
2,2,22;37,-1,0,0,2
2,2,22;44,-1,0,0,2
2,2,22;48,-1,0,0,2
2,2,22;49,-1,0,0,2
2,2,22;51,-1,0,0,2
2,2,22;54,-1,0,0,2
2,2,22;58,-1,0,0,2
2,2,22;59,-1,0,0,2
2,2,22;60,-1,0,0,2
2,2,22;62,-1,0,0,2
2,2,22;63,-1,0,0,2
2,2,22;64,-1,0,0,2
2,2,22;65,-1,0,0,2
2,2,22;67,-1,0,0,2
2,2,22;72,-1,0,0,2
2,2,22;73,-1,0,0,2
2,2,22;74,-1,0,0,2
2,2,22;77,-1,0,0,2
2,2,22;78,-1,0,0,2
2,2,24;25,-1,0,0,2
2,2,24;26,-1,0,0,2
2,2,24;30,-1,0,0,2
2,2,24;37,-1,0,0,2
2,2,24;44,-1,0,0,2
2,2,24;48,-1,0,0,2
2,2,24;49,-1,0,0,2
2,2,24;51,-1,0,0,2
2,2,24;54,-1,0,0,2
2,2,24;58,-1,0,0,2
2,2,24;59,-1,0,0,2
2,2,24;60,-1,0,0,2
2,2,24;62,-1,0,0,2
2,2,24;63,-1,0,0,2
2,2,24;64,-1,0,0,2
2,2,24;65,-1,0,0,2
2,2,24;67,-1,0,0,2
2,2,24;72,-1,0,0,2
2,2,24;73,-1,0,0,2
2,2,24;74,-1,0,0,2
2,2,24;77,-1,0,0,2
2,2,24;78,-1,0,0,2
2,2,25;26,-1,0,0,2
2,2,25;30,-1,0,0,2
2,2,25;37,-1,0,0,2
2,2,25;44,-1,0,0,2
2,2,25;48,-1,0,0,2
2,2,25;49,-1,0,0,2
2,2,25;51,-1,0,0,2
2,2,25;54,-1,0,0,2
2,2,25;58,-1,0,0,2
2,2,25;59,-1,0,0,2
2,2,25;60,-1,0,0,2
2,2,25;62,-1,0,0,2
2,2,25;63,-1,0,0,2
2,2,25;64,-1,0,0,2
2,2,25;65,-1,0,0,2
2,2,25;67,-1,0,0,2
2,2,25;72,-1,0,0,2
2,2,25;73,-1,0,0,2
2,2,25;74,-1,0,0,2
2,2,25;77,-1,0,0,2
2,2,25;78,-1,0,0,2
2,2,26;30,-1,0,0,2
2,2,26;37,-1,0,0,2
2,2,26;44,-1,0,0,2
2,2,26;48,-1,0,0,2
2,2,26;49,-1,0,0,2
2,2,26;51,-1,0,0,2
2,2,26;54,-1,0,0,2
2,2,26;58,-1,0,0,2
2,2,26;59,-1,0,0,2
2,2,26;60,-1,0,0,2
2,2,26;62,-1,0,0,2
2,2,26;63,-1,0,0,2
2,2,26;64,-1,0,0,2
2,2,26;65,-1,0,0,2
2,2,26;67,-1,0,0,2
2,2,26;72,-1,0,0,2
2,2,26;73,-1,0,0,2
2,2,26;74,-1,0,0,2
2,2,26;77,-1,0,0,2
2,2,26;78,-1,0,0,2
2,2,30;37,-1,0,0,2
2,2,30;44,-1,0,0,2
2,2,30;48,-1,0,0,2
2,2,30;49,-1,0,0,2
2,2,30;51,-1,0,0,2
2,2,30;54,-1,0,0,2
2,2,30;58,-1,0,0,2
2,2,30;59,-1,0,0,2
2,2,30;60,-1,0,0,2
2,2,30;62,-1,0,0,2
2,2,30;63,-1,0,0,2
2,2,30;64,-1,0,0,2
2,2,30;65,-1,0,0,2
2,2,30;67,-1,0,0,2
2,2,30;72,-1,0,0,2
2,2,30;73,-1,0,0,2
2,2,30;74,-1,0,0,2
2,2,30;77,-1,0,0,2
2,2,30;78,-1,0,0,2
2,2,37;44,-1,0,0,2
2,2,37;48,-1,0,0,2
2,2,37;49,-1,0,0,2
2,2,37;51,-1,0,0,2
2,2,37;54,-1,0,0,2
2,2,37;58,-1,0,0,2
2,2,37;59,-1,0,0,2
2,2,37;60,-1,0,0,2
2,2,37;62,-1,0,0,2
2,2,37;63,-1,0,0,2
2,2,37;64,-1,0,0,2
2,2,37;65,-1,0,0,2
2,2,37;67,-1,0,0,2
2,2,37;72,-1,0,0,2
2,2,37;73,-1,0,0,2
2,2,37;74,-1,0,0,2
2,2,37;77,-1,0,0,2
2,2,37;78,-1,0,0,2
2,2,44;48,-1,0,0,2
2,2,44;49,-1,0,0,2
2,2,44;51,-1,0,0,2
2,2,44;54,-1,0,0,2
2,2,44;58,-1,0,0,2
2,2,44;59,-1,0,0,2
2,2,44;60,-1,0,0,2
2,2,44;62,-1,0,0,2
2,2,44;63,-1,0,0,2
2,2,44;64,-1,0,0,2
2,2,44;65,-1,0,0,2
2,2,44;67,-1,0,0,2
2,2,44;72,-1,0,0,2
2,2,44;73,-1,0,0,2
2,2,44;74,-1,0,0,2
2,2,44;77,-1,0,0,2
2,2,44;78,-1,0,0,2
2,2,48;49,-1,0,0,2
2,2,48;51,-1,0,0,2
2,2,48;54,-1,0,0,2
2,2,48;58,-1,0,0,2
2,2,48;59,-1,0,0,2
2,2,48;60,-1,0,0,2
2,2,48;62,-1,0,0,2
2,2,48;63,-1,0,0,2
2,2,48;64,-1,0,0,2
2,2,48;65,-1,0,0,2
2,2,48;67,-1,0,0,2
2,2,48;72,-1,0,0,2
2,2,48;73,-1,0,0,2
2,2,48;74,-1,0,0,2
2,2,48;77,-1,0,0,2
2,2,48;78,-1,0,0,2
2,2,49;51,-1,0,0,2
2,2,49;54,-1,0,0,2
2,2,49;58,-1,0,0,2
2,2,49;59,-1,0,0,2
2,2,49;60,-1,0,0,2
2,2,49;62,-1,0,0,2
2,2,49;63,-1,0,0,2
2,2,49;64,-1,0,0,2
2,2,49;65,-1,0,0,2
2,2,49;67,-1,0,0,2
2,2,49;72,-1,0,0,2
2,2,49;73,-1,0,0,2
2,2,49;74,-1,0,0,2
2,2,49;77,-1,0,0,2
2,2,49;78,-1,0,0,2
2,2,51;54,-1,0,0,2
2,2,51;58,-1,0,0,2
2,2,51;59,-1,0,0,2
2,2,51;60,-1,0,0,2
2,2,51;62,-1,0,0,2
2,2,51;63,-1,0,0,2
2,2,51;64,-1,0,0,2
2,2,51;65,-1,0,0,2
2,2,51;67,-1,0,0,2
2,2,51;72,-1,0,0,2
2,2,51;73,-1,0,0,2
2,2,51;74,-1,0,0,2
2,2,51;77,-1,0,0,2
2,2,51;78,-1,0,0,2
2,2,54;58,-1,0,0,2
2,2,54;59,-1,0,0,2
2,2,54;60,-1,0,0,2
2,2,54;62,-1,0,0,2
2,2,54;63,-1,0,0,2
2,2,54;64,-1,0,0,2
2,2,54;65,-1,0,0,2
2,2,54;67,-1,0,0,2
2,2,54;72,-1,0,0,2
2,2,54;73,-1,0,0,2
2,2,54;74,-1,0,0,2
2,2,54;77,-1,0,0,2
2,2,54;78,-1,0,0,2
2,2,58;59,-1,0,0,2
2,2,58;60,-1,0,0,2
2,2,58;62,-1,0,0,2
2,2,58;63,-1,0,0,2
2,2,58;64,-1,0,0,2
2,2,58;65,-1,0,0,2
2,2,58;67,-1,0,0,2
2,2,58;72,-1,0,0,2
2,2,58;73,-1,0,0,2
2,2,58;74,-1,0,0,2
2,2,58;77,-1,0,0,2
2,2,58;78,-1,0,0,2
2,2,59;60,-1,0,0,2
2,2,59;62,-1,0,0,2
2,2,59;63,-1,0,0,2
2,2,59;64,-1,0,0,2
2,2,59;65,-1,0,0,2
2,2,59;67,-1,0,0,2
2,2,59;72,-1,0,0,2
2,2,59;73,-1,0,0,2
2,2,59;74,-1,0,0,2
2,2,59;77,-1,0,0,2
2,2,59;78,-1,0,0,2
2,2,60;62,-1,0,0,2
2,2,60;63,-1,0,0,2
2,2,60;64,-1,0,0,2
2,2,60;65,-1,0,0,2
2,2,60;67,-1,0,0,2
2,2,60;72,-1,0,0,2
2,2,60;73,-1,0,0,2
2,2,60;74,-1,0,0,2
2,2,60;77,-1,0,0,2
2,2,60;78,-1,0,0,2
2,2,62;63,-1,0,0,2
2,2,62;64,-1,0,0,2
2,2,62;65,-1,0,0,2
2,2,62;67,-1,0,0,2
2,2,62;72,-1,0,0,2
2,2,62;73,-1,0,0,2
2,2,62;74,-1,0,0,2
2,2,62;77,-1,0,0,2
2,2,62;78,-1,0,0,2
2,2,63;64,-1,0,0,2
2,2,63;65,-1,0,0,2
2,2,63;67,-1,0,0,2
2,2,63;72,-1,0,0,2
2,2,63;73,-1,0,0,2
2,2,63;74,-1,0,0,2
2,2,63;77,-1,0,0,2
2,2,63;78,-1,0,0,2
2,2,64;65,-1,0,0,2
2,2,64;67,-1,0,0,2
2,2,64;72,-1,0,0,2
2,2,64;73,-1,0,0,2
2,2,64;74,-1,0,0,2
2,2,64;77,-1,0,0,2
2,2,64;78,-1,0,0,2
2,2,65;67,-1,0,0,2
2,2,65;72,-1,0,0,2
2,2,65;73,-1,0,0,2
2,2,65;74,-1,0,0,2
2,2,65;77,-1,0,0,2
2,2,65;78,-1,0,0,2
2,2,67;72,-1,0,0,2
2,2,67;73,-1,0,0,2
2,2,67;74,-1,0,0,2
2,2,67;77,-1,0,0,2
2,2,67;78,-1,0,0,2
2,2,72;73,-1,0,0,2
2,2,72;74,-1,0,0,2
2,2,72;77,-1,0,0,2
2,2,72;78,-1,0,0,2
2,2,73;74,-1,0,0,2
2,2,73;77,-1,0,0,2
2,2,73;78,-1,0,0,2
2,2,74;77,-1,0,0,2
2,2,74;78,-1,0,0,2
2,2,77;78,-1,0,0,2
3,2,5;8,-1,0,0,2
3,2,5;10,-1,0,0,2
3,2,5;14,-1,0,0,2
3,2,5;18,-1,0,0,2
3,2,5;19,-1,0,0,2
3,2,5;21,-1,0,0,2
3,2,5;24,-1,0,0,2
3,2,5;30,-1,0,0,2
3,2,5;33,-1,0,0,2
3,2,5;35,-1,0,0,2
3,2,5;38,-1,0,0,2
3,2,5;44,-1,0,0,2
3,2,5;48,-1,0,0,2
3,2,5;58,-1,0,0,2
3,2,5;60,-1,0,0,2
3,2,5;61,-1,0,0,2
3,2,5;63,-1,0,0,2
3,2,5;64,-1,0,0,2
3,2,5;66,-1,0,0,2
3,2,5;68,-1,0,0,2
3,2,5;78,-1,0,0,2
3,2,5;79,-1,0,0,2
3,2,8;10,-1,0,0,2
3,2,8;14,-1,0,0,2
3,2,8;18,-1,0,0,2
3,2,8;19,-1,0,0,2
3,2,8;21,-1,0,0,2
3,2,8;24,-1,0,0,2
3,2,8;30,-1,0,0,2
3,2,8;33,-1,0,0,2
3,2,8;35,-1,0,0,2
3,2,8;38,-1,0,0,2
3,2,8;44,-1,0,0,2
3,2,8;48,-1,0,0,2
3,2,8;58,-1,0,0,2
3,2,8;60,-1,0,0,2
3,2,8;61,-1,0,0,2
3,2,8;63,-1,0,0,2
3,2,8;64,-1,0,0,2
3,2,8;66,-1,0,0,2
3,2,8;68,-1,0,0,2
3,2,8;78,-1,0,0,2
3,2,8;79,-1,0,0,2
3,2,10;14,-1,0,0,2
3,2,10;18,-1,0,0,2
3,2,10;19,-1,0,0,2
3,2,10;21,-1,0,0,2
3,2,10;24,-1,0,0,2
3,2,10;30,-1,0,0,2
3,2,10;33,-1,0,0,2
3,2,10;35,-1,0,0,2
3,2,10;38,-1,0,0,2
3,2,10;44,-1,0,0,2
3,2,10;48,-1,0,0,2
3,2,10;58,-1,0,0,2
3,2,10;60,-1,0,0,2
3,2,10;61,-1,0,0,2
3,2,10;63,-1,0,0,2
3,2,10;64,-1,0,0,2
3,2,10;66,-1,0,0,2
3,2,10;68,-1,0,0,2
3,2,10;78,-1,0,0,2
3,2,10;79,-1,0,0,2
3,2,14;18,-1,0,0,2
3,2,14;19,-1,0,0,2
3,2,14;21,-1,0,0,2
3,2,14;24,-1,0,0,2
3,2,14;30,-1,0,0,2
3,2,14;33,-1,0,0,2
3,2,14;35,-1,0,0,2
3,2,14;38,-1,0,0,2
3,2,14;44,-1,0,0,2
3,2,14;48,-1,0,0,2
3,2,14;58,-1,0,0,2
3,2,14;60,-1,0,0,2
3,2,14;61,-1,0,0,2
3,2,14;63,-1,0,0,2
3,2,14;64,-1,0,0,2
3,2,14;66,-1,0,0,2
3,2,14;68,-1,0,0,2
3,2,14;78,-1,0,0,2
3,2,14;79,-1,0,0,2
3,2,18;19,-1,0,0,2
3,2,18;21,-1,0,0,2
3,2,18;24,-1,0,0,2
3,2,18;30,-1,0,0,2
3,2,18;33,-1,0,0,2
3,2,18;35,-1,0,0,2
3,2,18;38,-1,0,0,2
3,2,18;44,-1,0,0,2
3,2,18;48,-1,0,0,2
3,2,18;58,-1,0,0,2
3,2,18;60,-1,0,0,2
3,2,18;61,-1,0,0,2
3,2,18;63,-1,0,0,2
3,2,18;64,-1,0,0,2
3,2,18;66,-1,0,0,2
3,2,18;68,-1,0,0,2
3,2,18;78,-1,0,0,2
3,2,18;79,-1,0,0,2
3,2,19;21,-1,0,0,2
3,2,19;24,-1,0,0,2
3,2,19;30,-1,0,0,2
3,2,19;33,-1,0,0,2
3,2,19;35,-1,0,0,2
3,2,19;38,-1,0,0,2
3,2,19;44,-1,0,0,2
3,2,19;48,-1,0,0,2
3,2,19;58,-1,0,0,2
3,2,19;60,-1,0,0,2
3,2,19;61,-1,0,0,2
3,2,19;63,-1,0,0,2
3,2,19;64,-1,0,0,2
3,2,19;66,-1,0,0,2
3,2,19;68,-1,0,0,2
3,2,19;78,-1,0,0,2
3,2,19;79,-1,0,0,2
3,2,21;24,-1,0,0,2
3,2,21;30,-1,0,0,2
3,2,21;33,-1,0,0,2
3,2,21;35,-1,0,0,2
3,2,21;38,-1,0,0,2
3,2,21;44,-1,0,0,2
3,2,21;48,-1,0,0,2
3,2,21;58,-1,0,0,2
3,2,21;60,-1,0,0,2
3,2,21;61,-1,0,0,2
3,2,21;63,-1,0,0,2
3,2,21;64,-1,0,0,2
3,2,21;66,-1,0,0,2
3,2,21;68,-1,0,0,2
3,2,21;78,-1,0,0,2
3,2,21;79,-1,0,0,2
3,2,24;30,-1,0,0,2
3,2,24;33,-1,0,0,2
3,2,24;35,-1,0,0,2
3,2,24;38,-1,0,0,2
3,2,24;44,-1,0,0,2
3,2,24;48,-1,0,0,2
3,2,24;58,-1,0,0,2
3,2,24;60,-1,0,0,2
3,2,24;61,-1,0,0,2
3,2,24;63,-1,0,0,2
3,2,24;64,-1,0,0,2
3,2,24;66,-1,0,0,2
3,2,24;68,-1,0,0,2
3,2,24;78,-1,0,0,2
3,2,24;79,-1,0,0,2
3,2,30;33,-1,0,0,2
3,2,30;35,-1,0,0,2
3,2,30;38,-1,0,0,2
3,2,30;44,-1,0,0,2
3,2,30;48,-1,0,0,2
3,2,30;58,-1,0,0,2
3,2,30;60,-1,0,0,2
3,2,30;61,-1,0,0,2
3,2,30;63,-1,0,0,2
3,2,30;64,-1,0,0,2
3,2,30;66,-1,0,0,2
3,2,30;68,-1,0,0,2
3,2,30;78,-1,0,0,2
3,2,30;79,-1,0,0,2
3,2,33;35,-1,0,0,2
3,2,33;38,-1,0,0,2
3,2,33;44,-1,0,0,2
3,2,33;48,-1,0,0,2
3,2,33;58,-1,0,0,2
3,2,33;60,-1,0,0,2
3,2,33;61,-1,0,0,2
3,2,33;63,-1,0,0,2
3,2,33;64,-1,0,0,2
3,2,33;66,-1,0,0,2
3,2,33;68,-1,0,0,2
3,2,33;78,-1,0,0,2
3,2,33;79,-1,0,0,2
3,2,35;38,-1,0,0,2
3,2,35;44,-1,0,0,2
3,2,35;48,-1,0,0,2
3,2,35;58,-1,0,0,2
3,2,35;60,-1,0,0,2
3,2,35;61,-1,0,0,2
3,2,35;63,-1,0,0,2
3,2,35;64,-1,0,0,2
3,2,35;66,-1,0,0,2
3,2,35;68,-1,0,0,2
3,2,35;78,-1,0,0,2
3,2,35;79,-1,0,0,2
3,2,38;44,-1,0,0,2
3,2,38;48,-1,0,0,2
3,2,38;58,-1,0,0,2
3,2,38;60,-1,0,0,2
3,2,38;61,-1,0,0,2
3,2,38;63,-1,0,0,2
3,2,38;64,-1,0,0,2
3,2,38;66,-1,0,0,2
3,2,38;68,-1,0,0,2
3,2,38;78,-1,0,0,2
3,2,38;79,-1,0,0,2
3,2,44;48,-1,0,0,2
3,2,44;58,-1,0,0,2
3,2,44;60,-1,0,0,2
3,2,44;61,-1,0,0,2
3,2,44;63,-1,0,0,2
3,2,44;64,-1,0,0,2
3,2,44;66,-1,0,0,2
3,2,44;68,-1,0,0,2
3,2,44;78,-1,0,0,2
3,2,44;79,-1,0,0,2
3,2,48;58,-1,0,0,2
3,2,48;60,-1,0,0,2
3,2,48;61,-1,0,0,2
3,2,48;63,-1,0,0,2
3,2,48;64,-1,0,0,2
3,2,48;66,-1,0,0,2
3,2,48;68,-1,0,0,2
3,2,48;78,-1,0,0,2
3,2,48;79,-1,0,0,2
3,2,58;60,-1,0,0,2
3,2,58;61,-1,0,0,2
3,2,58;63,-1,0,0,2
3,2,58;64,-1,0,0,2
3,2,58;66,-1,0,0,2
3,2,58;68,-1,0,0,2
3,2,58;78,-1,0,0,2
3,2,58;79,-1,0,0,2
3,2,60;61,-1,0,0,2
3,2,60;63,-1,0,0,2
3,2,60;64,-1,0,0,2
3,2,60;66,-1,0,0,2
3,2,60;68,-1,0,0,2
3,2,60;78,-1,0,0,2
3,2,60;79,-1,0,0,2
3,2,61;63,-1,0,0,2
3,2,61;64,-1,0,0,2
3,2,61;66,-1,0,0,2
3,2,61;68,-1,0,0,2
3,2,61;78,-1,0,0,2
3,2,61;79,-1,0,0,2
3,2,63;64,-1,0,0,2
3,2,63;66,-1,0,0,2
3,2,63;68,-1,0,0,2
3,2,63;78,-1,0,0,2
3,2,63;79,-1,0,0,2
3,2,64;66,-1,0,0,2
3,2,64;68,-1,0,0,2
3,2,64;78,-1,0,0,2
3,2,64;79,-1,0,0,2
3,2,66;68,-1,0,0,2
3,2,66;78,-1,0,0,2
3,2,66;79,-1,0,0,2
3,2,68;78,-1,0,0,2
3,2,68;79,-1,0,0,2
3,2,78;79,-1,0,0,2
