k,indices,error_count,nodes
2,1;5,3,0;1;2
2,1;9,3,0;1;2
2,1;10,3,0;1;2
2,1;11,3,0;1;2
2,1;12,2,0;2
2,1;13,2,0;2
2,1;14,2,0;2
2,1;15,1,0
2,1;19,3,0;1;2
2,1;20,1,0
2,1;26,2,0;2
2,1;29,1,0
2,1;30,2,0;2
2,1;31,2,0;2
2,1;32,2,0;1
2,1;34,2,0;1
2,1;36,1,0
2,1;41,2,0;1
2,1;42,2,0;1
2,1;43,1,0
2,1;48,1,0
2,1;52,2,0;1
2,1;55,1,0
2,1;60,3,0;1;2
2,1;61,2,0;1
2,1;62,2,0;1
2,1;63,2,0;1
2,1;67,3,0;1;2
2,1;73,2,0;2
2,1;74,2,0;2
2,1;76,2,0;1
2,5;9,3,0;1;2
2,5;10,4,0;1;2;3
2,5;11,3,0;1;2
2,5;12,2,0;2
2,5;13,2,0;2
2,5;14,2,0;2
2,5;15,2,0;3
2,5;19,4,0;1;2;3
2,5;20,1,0
2,5;26,2,0;2
2,5;29,1,0
2,5;30,3,0;2;3
2,5;31,2,0;2
2,5;32,2,0;1
2,5;34,2,0;1
2,5;36,1,0
2,5;41,3,0;1;3
2,5;42,2,0;1
2,5;43,1,0
2,5;48,1,0
2,5;52,2,0;1
2,5;55,1,0
2,5;60,4,0;1;2;3
2,5;61,2,0;1
2,5;62,2,0;1
2,5;63,2,0;1
2,5;67,4,0;1;2;3
2,5;73,2,0;2
2,5;74,2,0;2
2,5;76,2,0;1
2,9;10,3,0;1;2
2,9;11,3,0;1;2
2,9;12,2,0;2
2,9;13,2,0;2
2,9;14,2,0;2
2,9;15,1,0
2,9;19,3,0;1;2
2,9;20,1,0
2,9;26,2,0;2
2,9;29,1,0
2,9;30,2,0;2
2,9;31,2,0;2
2,9;32,2,0;1
2,9;34,2,0;1
2,9;36,1,0
2,9;41,2,0;1
2,9;42,2,0;1
2,9;43,1,0
2,9;48,1,0
2,9;52,2,0;1
2,9;55,1,0
2,9;60,3,0;1;2
2,9;61,2,0;1
2,9;62,2,0;1
2,9;63,2,0;1
2,9;67,3,0;1;2
2,9;73,2,0;2
2,9;74,2,0;2
2,9;76,2,0;1
2,10;11,3,0;1;2
2,10;12,2,0;2
2,10;13,2,0;2
2,10;14,2,0;2
2,10;15,2,0;3
2,10;19,4,0;1;2;3
2,10;20,1,0
2,10;26,2,0;2
2,10;29,1,0
2,10;30,3,0;2;3
2,10;31,2,0;2
2,10;32,2,0;1
2,10;34,2,0;1
2,10;36,1,0
2,10;41,3,0;1;3
2,10;42,2,0;1
2,10;43,1,0
2,10;48,1,0
2,10;52,2,0;1
2,10;55,1,0
2,10;60,4,0;1;2;3
2,10;61,2,0;1
2,10;62,2,0;1
2,10;63,2,0;1
2,10;67,4,0;1;2;3
2,10;73,2,0;2
2,10;74,2,0;2
2,10;76,2,0;1
2,11;12,2,0;2
2,11;13,2,0;2
2,11;14,2,0;2
2,11;15,1,0
2,11;19,3,0;1;2
2,11;20,1,0
2,11;26,2,0;2
2,11;29,1,0
2,11;30,2,0;2
2,11;31,2,0;2
2,11;32,2,0;1
2,11;34,2,0;1
2,11;36,1,0
2,11;41,2,0;1
2,11;42,2,0;1
2,11;43,1,0
2,11;48,1,0
2,11;52,2,0;1
2,11;55,1,0
2,11;60,3,0;1;2
2,11;61,2,0;1
2,11;62,2,0;1
2,11;63,2,0;1
2,11;67,3,0;1;2
2,11;73,2,0;2
2,11;74,2,0;2
2,11;76,2,0;1
2,12;13,2,0;2
2,12;14,2,0;2
2,12;15,1,0
2,12;19,2,0;2
2,12;20,1,0
2,12;26,2,0;2
2,12;29,1,0
2,12;30,2,0;2
2,12;31,2,0;2
2,12;32,1,0
2,12;34,1,0
2,12;36,1,0
2,12;41,1,0
2,12;42,1,0
2,12;43,1,0
2,12;48,1,0
2,12;52,1,0
2,12;55,1,0
2,12;60,2,0;2
2,12;61,1,0
2,12;62,1,0
2,12;63,1,0
2,12;67,2,0;2
2,12;73,2,0;2
2,12;74,2,0;2
2,12;76,1,0
2,13;14,2,0;2
2,13;15,1,0
2,13;19,2,0;2
2,13;20,1,0
2,13;26,2,0;2
2,13;29,1,0
2,13;30,2,0;2
2,13;31,2,0;2
2,13;32,1,0
2,13;34,1,0
2,13;36,1,0
2,13;41,1,0
2,13;42,1,0
2,13;43,1,0
2,13;48,1,0
2,13;52,1,0
2,13;55,1,0
2,13;60,2,0;2
2,13;61,1,0
2,13;62,1,0
2,13;63,1,0
2,13;67,2,0;2
2,13;73,2,0;2
2,13;74,2,0;2
2,13;76,1,0
2,14;15,1,0
2,14;19,2,0;2
2,14;20,1,0
2,14;26,2,0;2
2,14;29,1,0
2,14;30,2,0;2
2,14;31,2,0;2
2,14;32,1,0
2,14;34,1,0
2,14;36,1,0
2,14;41,1,0
2,14;42,1,0
2,14;43,1,0
2,14;48,1,0
2,14;52,1,0
2,14;55,1,0
2,14;60,2,0;2
2,14;61,1,0
2,14;62,1,0
2,14;63,1,0
2,14;67,2,0;2
2,14;73,2,0;2
2,14;74,2,0;2
2,14;76,1,0
2,15;19,2,0;3
2,15;20,1,0
2,15;26,1,0
2,15;29,1,0
2,15;30,2,0;3
2,15;31,1,0
2,15;32,1,0
2,15;34,1,0
2,15;36,1,0
2,15;41,2,0;3
2,15;42,1,0
2,15;43,1,0
2,15;48,1,0
2,15;52,1,0
2,15;55,1,0
2,15;60,2,0;3
2,15;61,1,0
2,15;62,1,0
2,15;63,1,0
2,15;67,2,0;3
2,15;73,1,0
2,15;74,1,0
2,15;76,1,0
2,19;20,1,0
2,19;26,2,0;2
2,19;29,1,0
2,19;30,3,0;2;3
2,19;31,2,0;2
2,19;32,2,0;1
2,19;34,2,0;1
2,19;36,1,0
2,19;41,3,0;1;3
2,19;42,2,0;1
2,19;43,1,0
2,19;48,1,0
2,19;52,2,0;1
2,19;55,1,0
2,19;60,4,0;1;2;3
2,19;61,2,0;1
2,19;62,2,0;1
2,19;63,2,0;1
2,19;67,4,0;1;2;3
2,19;73,2,0;2
2,19;74,2,0;2
2,19;76,2,0;1
2,20;26,1,0
2,20;29,1,0
2,20;30,1,0
2,20;31,1,0
2,20;32,1,0
2,20;34,1,0
2,20;36,1,0
2,20;41,1,0
2,20;42,1,0
2,20;43,1,0
2,20;48,1,0
2,20;52,1,0
2,20;55,1,0
2,20;60,1,0
2,20;61,1,0
2,20;62,1,0
2,20;63,1,0
2,20;67,1,0
2,20;73,1,0
2,20;74,1,0
2,20;76,1,0
2,26;29,1,0
2,26;30,2,0;2
2,26;31,2,0;2
2,26;32,1,0
2,26;34,1,0
2,26;36,1,0
2,26;41,1,0
2,26;42,1,0
2,26;43,1,0
2,26;48,1,0
2,26;52,1,0
2,26;55,1,0
2,26;60,2,0;2
2,26;61,1,0
2,26;62,1,0
2,26;63,1,0
2,26;67,2,0;2
2,26;73,2,0;2
2,26;74,2,0;2
2,26;76,1,0
2,29;30,1,0
2,29;31,1,0
2,29;32,1,0
2,29;34,1,0
2,29;36,1,0
2,29;41,1,0
2,29;42,1,0
2,29;43,1,0
2,29;48,1,0
2,29;52,1,0
2,29;55,1,0
2,29;60,1,0
2,29;61,1,0
2,29;62,1,0
2,29;63,1,0
2,29;67,1,0
2,29;73,1,0
2,29;74,1,0
2,29;76,1,0
2,30;31,2,0;2
2,30;32,1,0
2,30;34,1,0
2,30;36,1,0
2,30;41,2,0;3
2,30;42,1,0
2,30;43,1,0
2,30;48,1,0
2,30;52,1,0
2,30;55,1,0
2,30;60,3,0;2;3
2,30;61,1,0
2,30;62,1,0
2,30;63,1,0
2,30;67,3,0;2;3
2,30;73,2,0;2
2,30;74,2,0;2
2,30;76,1,0
2,31;32,1,0
2,31;34,1,0
2,31;36,1,0
2,31;41,1,0
2,31;42,1,0
2,31;43,1,0
2,31;48,1,0
2,31;52,1,0
2,31;55,1,0
2,31;60,2,0;2
2,31;61,1,0
2,31;62,1,0
2,31;63,1,0
2,31;67,2,0;2
2,31;73,2,0;2
2,31;74,2,0;2
2,31;76,1,0
2,32;34,2,0;1
2,32;36,1,0
2,32;41,2,0;1
2,32;42,2,0;1
2,32;43,1,0
2,32;48,1,0
2,32;52,2,0;1
2,32;55,1,0
2,32;60,2,0;1
2,32;61,2,0;1
2,32;62,2,0;1
2,32;63,2,0;1
2,32;67,2,0;1
2,32;73,1,0
2,32;74,1,0
2,32;76,2,0;1
2,34;36,1,0
2,34;41,2,0;1
2,34;42,2,0;1
2,34;43,1,0
2,34;48,1,0
2,34;52,2,0;1
2,34;55,1,0
2,34;60,2,0;1
2,34;61,2,0;1
2,34;62,2,0;1
2,34;63,2,0;1
2,34;67,2,0;1
2,34;73,1,0
2,34;74,1,0
2,34;76,2,0;1
2,36;41,1,0
2,36;42,1,0
2,36;43,1,0
2,36;48,1,0
2,36;52,1,0
2,36;55,1,0
2,36;60,1,0
2,36;61,1,0
2,36;62,1,0
2,36;63,1,0
2,36;67,1,0
2,36;73,1,0
2,36;74,1,0
2,36;76,1,0
2,41;42,2,0;1
2,41;43,1,0
2,41;48,1,0
2,41;52,2,0;1
2,41;55,1,0
2,41;60,3,0;1;3
2,41;61,2,0;1
2,41;62,2,0;1
2,41;63,2,0;1
2,41;67,3,0;1;3
2,41;73,1,0
2,41;74,1,0
2,41;76,2,0;1
2,42;43,1,0
2,42;48,1,0
2,42;52,2,0;1
2,42;55,1,0
2,42;60,2,0;1
2,42;61,2,0;1
2,42;62,2,0;1
2,42;63,2,0;1
2,42;67,2,0;1
2,42;73,1,0
2,42;74,1,0
2,42;76,2,0;1
2,43;48,1,0
2,43;52,1,0
2,43;55,1,0
2,43;60,1,0
2,43;61,1,0
2,43;62,1,0
2,43;63,1,0
2,43;67,1,0
2,43;73,1,0
2,43;74,1,0
2,43;76,1,0
2,48;52,1,0
2,48;55,1,0
2,48;60,1,0
2,48;61,1,0
2,48;62,1,0
2,48;63,1,0
2,48;67,1,0
2,48;73,1,0
2,48;74,1,0
2,48;76,1,0
2,52;55,1,0
2,52;60,2,0;1
2,52;61,2,0;1
2,52;62,2,0;1
2,52;63,2,0;1
2,52;67,2,0;1
2,52;73,1,0
2,52;74,1,0
2,52;76,2,0;1
2,55;60,1,0
2,55;61,1,0
2,55;62,1,0
2,55;63,1,0
2,55;67,1,0
2,55;73,1,0
2,55;74,1,0
2,55;76,1,0
2,60;61,2,0;1
2,60;62,2,0;1
2,60;63,2,0;1
2,60;67,4,0;1;2;3
2,60;73,2,0;2
2,60;74,2,0;2
2,60;76,2,0;1
2,61;62,2,0;1
2,61;63,2,0;1
2,61;67,2,0;1
2,61;73,1,0
2,61;74,1,0
2,61;76,2,0;1
2,62;63,2,0;1
2,62;67,2,0;1
2,62;73,1,0
2,62;74,1,0
2,62;76,2,0;1
2,63;67,2,0;1
2,63;73,1,0
2,63;74,1,0
2,63;76,2,0;1
2,67;73,2,0;2
2,67;74,2,0;2
2,67;76,2,0;1
2,73;74,2,0;2
2,73;76,1,0
2,74;76,1,0
2,1;3,2,1;2
2,1;4,1,1
2,1;8,1,1
2,1;16,2,1;2
2,1;17,1,1
2,1;18,1,1
2,1;23,1,1
2,1;28,1,1
2,1;33,1,1
2,1;35,1,1
2,1;37,2,1;2
2,1;38,2,1;2
2,1;44,2,1;2
2,1;46,1,1
2,1;47,1,1
2,1;50,1,1
2,1;53,1,1
2,1;57,1,1
2,1;58,2,1;2
2,1;65,1,1
2,1;68,1,1
2,1;75,1,1
2,1;79,1,1
2,3;4,1,1
2,3;5,2,1;2
2,3;8,1,1
2,3;9,2,1;2
2,3;10,2,1;2
2,3;11,2,1;2
2,3;16,2,1;2
2,3;17,1,1
2,3;18,1,1
2,3;19,2,1;2
2,3;23,1,1
2,3;28,1,1
2,3;32,1,1
2,3;33,1,1
2,3;34,1,1
2,3;35,1,1
2,3;37,2,1;2
2,3;38,2,1;2
2,3;41,1,1
2,3;42,1,1
2,3;44,2,1;2
2,3;46,1,1
2,3;47,1,1
2,3;50,1,1
2,3;52,1,1
2,3;53,1,1
2,3;57,1,1
2,3;58,2,1;2
2,3;60,2,1;2
2,3;61,1,1
2,3;62,1,1
2,3;63,1,1
2,3;65,1,1
2,3;67,2,1;2
2,3;68,1,1
2,3;75,1,1
2,3;76,1,1
2,3;79,1,1
2,4;5,1,1
2,4;8,1,1
2,4;9,1,1
2,4;10,1,1
2,4;11,1,1
2,4;16,1,1
2,4;17,1,1
2,4;18,1,1
2,4;19,1,1
2,4;23,1,1
2,4;28,1,1
2,4;32,1,1
2,4;33,1,1
2,4;34,1,1
2,4;35,1,1
2,4;37,1,1
2,4;38,1,1
2,4;41,1,1
2,4;42,1,1
2,4;44,1,1
2,4;46,1,1
2,4;47,1,1
2,4;50,1,1
2,4;52,1,1
2,4;53,1,1
2,4;57,1,1
2,4;58,1,1
2,4;60,1,1
2,4;61,1,1
2,4;62,1,1
2,4;63,1,1
2,4;65,1,1
2,4;67,1,1
2,4;68,1,1
2,4;75,1,1
2,4;76,1,1
2,4;79,1,1
2,5;8,2,1;3
2,5;16,2,1;2
2,5;17,2,1;3
2,5;18,1,1
2,5;23,1,1
2,5;28,1,1
2,5;33,2,1;3
2,5;35,2,1;3
2,5;37,2,1;2
2,5;38,2,1;2
2,5;44,3,1;2;3
2,5;46,1,1
2,5;47,1,1
2,5;50,1,1
2,5;53,1,1
2,5;57,1,1
2,5;58,2,1;2
2,5;65,2,1;3
2,5;68,2,1;3
2,5;75,1,1
2,5;79,2,1;3
2,8;9,1,1
2,8;10,2,1;3
2,8;11,1,1
2,8;16,1,1
2,8;17,2,1;3
2,8;18,1,1
2,8;19,2,1;3
2,8;23,1,1
2,8;28,1,1
2,8;32,1,1
2,8;33,2,1;3
2,8;34,1,1
2,8;35,2,1;3
2,8;37,1,1
2,8;38,1,1
2,8;41,2,1;3
2,8;42,1,1
2,8;44,2,1;3
2,8;46,1,1
2,8;47,1,1
2,8;50,1,1
2,8;52,1,1
2,8;53,1,1
2,8;57,1,1
2,8;58,1,1
2,8;60,2,1;3
2,8;61,1,1
2,8;62,1,1
2,8;63,1,1
2,8;65,2,1;3
2,8;67,2,1;3
2,8;68,2,1;3
2,8;75,1,1
2,8;76,1,1
2,8;79,2,1;3
2,9;16,2,1;2
2,9;17,1,1
2,9;18,1,1
2,9;23,1,1
2,9;28,1,1
2,9;33,1,1
2,9;35,1,1
2,9;37,2,1;2
2,9;38,2,1;2
2,9;44,2,1;2
2,9;46,1,1
2,9;47,1,1
2,9;50,1,1
2,9;53,1,1
2,9;57,1,1
2,9;58,2,1;2
2,9;65,1,1
2,9;68,1,1
2,9;75,1,1
2,9;79,1,1
2,10;16,2,1;2
2,10;17,2,1;3
2,10;18,1,1
2,10;23,1,1
2,10;28,1,1
2,10;33,2,1;3
2,10;35,2,1;3
2,10;37,2,1;2
2,10;38,2,1;2
2,10;44,3,1;2;3
2,10;46,1,1
2,10;47,1,1
2,10;50,1,1
2,10;53,1,1
2,10;57,1,1
2,10;58,2,1;2
2,10;65,2,1;3
2,10;68,2,1;3
2,10;75,1,1
2,10;79,2,1;3
2,11;16,2,1;2
2,11;17,1,1
2,11;18,1,1
2,11;23,1,1
2,11;28,1,1
2,11;33,1,1
2,11;35,1,1
2,11;37,2,1;2
2,11;38,2,1;2
2,11;44,2,1;2
2,11;46,1,1
2,11;47,1,1
2,11;50,1,1
2,11;53,1,1
2,11;57,1,1
2,11;58,2,1;2
2,11;65,1,1
2,11;68,1,1
2,11;75,1,1
2,11;79,1,1
2,16;17,1,1
2,16;18,1,1
2,16;19,2,1;2
2,16;23,1,1
2,16;28,1,1
2,16;32,1,1
2,16;33,1,1
2,16;34,1,1
2,16;35,1,1
2,16;37,2,1;2
2,16;38,2,1;2
2,16;41,1,1
2,16;42,1,1
2,16;44,2,1;2
2,16;46,1,1
2,16;47,1,1
2,16;50,1,1
2,16;52,1,1
2,16;53,1,1
2,16;57,1,1
2,16;58,2,1;2
2,16;60,2,1;2
2,16;61,1,1
2,16;62,1,1
2,16;63,1,1
2,16;65,1,1
2,16;67,2,1;2
2,16;68,1,1
2,16;75,1,1
2,16;76,1,1
2,16;79,1,1
2,17;18,1,1
2,17;19,2,1;3
2,17;23,1,1
2,17;28,1,1
2,17;32,1,1
2,17;33,2,1;3
2,17;34,1,1
2,17;35,2,1;3
2,17;37,1,1
2,17;38,1,1
2,17;41,2,1;3
2,17;42,1,1
2,17;44,2,1;3
2,17;46,1,1
2,17;47,1,1
2,17;50,1,1
2,17;52,1,1
2,17;53,1,1
2,17;57,1,1
2,17;58,1,1
2,17;60,2,1;3
2,17;61,1,1
2,17;62,1,1
2,17;63,1,1
2,17;65,2,1;3
2,17;67,2,1;3
2,17;68,2,1;3
2,17;75,1,1
2,17;76,1,1
2,17;79,2,1;3
2,18;19,1,1
2,18;23,1,1
2,18;28,1,1
2,18;32,1,1
2,18;33,1,1
2,18;34,1,1
2,18;35,1,1
2,18;37,1,1
2,18;38,1,1
2,18;41,1,1
2,18;42,1,1
2,18;44,1,1
2,18;46,1,1
2,18;47,1,1
2,18;50,1,1
2,18;52,1,1
2,18;53,1,1
2,18;57,1,1
2,18;58,1,1
2,18;60,1,1
2,18;61,1,1
2,18;62,1,1
2,18;63,1,1
2,18;65,1,1
2,18;67,1,1
2,18;68,1,1
2,18;75,1,1
2,18;76,1,1
2,18;79,1,1
2,19;23,1,1
2,19;28,1,1
2,19;33,2,1;3
2,19;35,2,1;3
2,19;37,2,1;2
2,19;38,2,1;2
2,19;44,3,1;2;3
2,19;46,1,1
2,19;47,1,1
2,19;50,1,1
2,19;53,1,1
2,19;57,1,1
2,19;58,2,1;2
2,19;65,2,1;3
2,19;68,2,1;3
2,19;75,1,1
2,19;79,2,1;3
2,23;28,1,1
2,23;32,1,1
2,23;33,1,1
2,23;34,1,1
2,23;35,1,1
2,23;37,1,1
2,23;38,1,1
2,23;41,1,1
2,23;42,1,1
2,23;44,1,1
2,23;46,1,1
2,23;47,1,1
2,23;50,1,1
2,23;52,1,1
2,23;53,1,1
2,23;57,1,1
2,23;58,1,1
2,23;60,1,1
2,23;61,1,1
2,23;62,1,1
2,23;63,1,1
2,23;65,1,1
2,23;67,1,1
2,23;68,1,1
2,23;75,1,1
2,23;76,1,1
2,23;79,1,1
2,28;32,1,1
2,28;33,1,1
2,28;34,1,1
2,28;35,1,1
2,28;37,1,1
2,28;38,1,1
2,28;41,1,1
2,28;42,1,1
2,28;44,1,1
2,28;46,1,1
2,28;47,1,1
2,28;50,1,1
2,28;52,1,1
2,28;53,1,1
2,28;57,1,1
2,28;58,1,1
2,28;60,1,1
2,28;61,1,1
2,28;62,1,1
2,28;63,1,1
2,28;65,1,1
2,28;67,1,1
2,28;68,1,1
2,28;75,1,1
2,28;76,1,1
2,28;79,1,1
2,32;33,1,1
2,32;35,1,1
2,32;37,1,1
2,32;38,1,1
2,32;44,1,1
2,32;46,1,1
2,32;47,1,1
2,32;50,1,1
2,32;53,1,1
2,32;57,1,1
2,32;58,1,1
2,32;65,1,1
2,32;68,1,1
2,32;75,1,1
2,32;79,1,1
2,33;34,1,1
2,33;35,2,1;3
2,33;37,1,1
2,33;38,1,1
2,33;41,2,1;3
2,33;42,1,1
2,33;44,2,1;3
2,33;46,1,1
2,33;47,1,1
2,33;50,1,1
2,33;52,1,1
2,33;53,1,1
2,33;57,1,1
2,33;58,1,1
2,33;60,2,1;3
2,33;61,1,1
2,33;62,1,1
2,33;63,1,1
2,33;65,2,1;3
2,33;67,2,1;3
2,33;68,2,1;3
2,33;75,1,1
2,33;76,1,1
2,33;79,2,1;3
2,34;35,1,1
2,34;37,1,1
2,34;38,1,1
2,34;44,1,1
2,34;46,1,1
2,34;47,1,1
2,34;50,1,1
2,34;53,1,1
2,34;57,1,1
2,34;58,1,1
2,34;65,1,1
2,34;68,1,1
2,34;75,1,1
2,34;79,1,1
2,35;37,1,1
2,35;38,1,1
2,35;41,2,1;3
2,35;42,1,1
2,35;44,2,1;3
2,35;46,1,1
2,35;47,1,1
2,35;50,1,1
2,35;52,1,1
2,35;53,1,1
2,35;57,1,1
2,35;58,1,1
2,35;60,2,1;3
2,35;61,1,1
2,35;62,1,1
2,35;63,1,1
2,35;65,2,1;3
2,35;67,2,1;3
2,35;68,2,1;3
2,35;75,1,1
2,35;76,1,1
2,35;79,2,1;3
2,37;38,2,1;2
2,37;41,1,1
2,37;42,1,1
2,37;44,2,1;2
2,37;46,1,1
2,37;47,1,1
2,37;50,1,1
2,37;52,1,1
2,37;53,1,1
2,37;57,1,1
2,37;58,2,1;2
2,37;60,2,1;2
2,37;61,1,1
2,37;62,1,1
2,37;63,1,1
2,37;65,1,1
2,37;67,2,1;2
2,37;68,1,1
2,37;75,1,1
2,37;76,1,1
2,37;79,1,1
2,38;41,1,1
2,38;42,1,1
2,38;44,2,1;2
2,38;46,1,1
2,38;47,1,1
2,38;50,1,1
2,38;52,1,1
2,38;53,1,1
2,38;57,1,1
2,38;58,2,1;2
2,38;60,2,1;2
2,38;61,1,1
2,38;62,1,1
2,38;63,1,1
2,38;65,1,1
2,38;67,2,1;2
2,38;68,1,1
2,38;75,1,1
2,38;76,1,1
2,38;79,1,1
2,41;44,2,1;3
2,41;46,1,1
2,41;47,1,1
2,41;50,1,1
2,41;53,1,1
2,41;57,1,1
2,41;58,1,1
2,41;65,2,1;3
2,41;68,2,1;3
2,41;75,1,1
2,41;79,2,1;3
2,42;44,1,1
2,42;46,1,1
2,42;47,1,1
2,42;50,1,1
2,42;53,1,1
2,42;57,1,1
2,42;58,1,1
2,42;65,1,1
2,42;68,1,1
2,42;75,1,1
2,42;79,1,1
2,44;46,1,1
2,44;47,1,1
2,44;50,1,1
2,44;52,1,1
2,44;53,1,1
2,44;57,1,1
2,44;58,2,1;2
2,44;60,3,1;2;3
2,44;61,1,1
2,44;62,1,1
2,44;63,1,1
2,44;65,2,1;3
2,44;67,3,1;2;3
2,44;68,2,1;3
2,44;75,1,1
2,44;76,1,1
2,44;79,2,1;3
2,46;47,1,1
2,46;50,1,1
2,46;52,1,1
2,46;53,1,1
2,46;57,1,1
2,46;58,1,1
2,46;60,1,1
2,46;61,1,1
2,46;62,1,1
2,46;63,1,1
2,46;65,1,1
2,46;67,1,1
2,46;68,1,1
2,46;75,1,1
2,46;76,1,1
2,46;79,1,1
2,47;50,1,1
2,47;52,1,1
2,47;53,1,1
2,47;57,1,1
2,47;58,1,1
2,47;60,1,1
2,47;61,1,1
2,47;62,1,1
2,47;63,1,1
2,47;65,1,1
2,47;67,1,1
2,47;68,1,1
2,47;75,1,1
2,47;76,1,1
2,47;79,1,1
2,50;52,1,1
2,50;53,1,1
2,50;57,1,1
2,50;58,1,1
2,50;60,1,1
2,50;61,1,1
2,50;62,1,1
2,50;63,1,1
2,50;65,1,1
2,50;67,1,1
2,50;68,1,1
2,50;75,1,1
2,50;76,1,1
2,50;79,1,1
2,52;53,1,1
2,52;57,1,1
2,52;58,1,1
2,52;65,1,1
2,52;68,1,1
2,52;75,1,1
2,52;79,1,1
2,53;57,1,1
2,53;58,1,1
2,53;60,1,1
2,53;61,1,1
2,53;62,1,1
2,53;63,1,1
2,53;65,1,1
2,53;67,1,1
2,53;68,1,1
2,53;75,1,1
2,53;76,1,1
2,53;79,1,1
2,57;58,1,1
2,57;60,1,1
2,57;61,1,1
2,57;62,1,1
2,57;63,1,1
2,57;65,1,1
2,57;67,1,1
2,57;68,1,1
2,57;75,1,1
2,57;76,1,1
2,57;79,1,1
2,58;60,2,1;2
2,58;61,1,1
2,58;62,1,1
2,58;63,1,1
2,58;65,1,1
2,58;67,2,1;2
2,58;68,1,1
2,58;75,1,1
2,58;76,1,1
2,58;79,1,1
2,60;65,2,1;3
2,60;68,2,1;3
2,60;75,1,1
2,60;79,2,1;3
2,61;65,1,1
2,61;68,1,1
2,61;75,1,1
2,61;79,1,1
2,62;65,1,1
2,62;68,1,1
2,62;75,1,1
2,62;79,1,1
2,63;65,1,1
2,63;68,1,1
2,63;75,1,1
2,63;79,1,1
2,65;67,2,1;3
2,65;68,2,1;3
2,65;75,1,1
2,65;76,1,1
2,65;79,2,1;3
2,67;68,2,1;3
2,67;75,1,1
2,67;79,2,1;3
2,68;75,1,1
2,68;76,1,1
2,68;79,2,1;3
2,75;76,1,1
2,75;79,1,1
2,76;79,1,1
2,0;1,1,2
2,0;2,1,2
2,0;3,1,2
2,0;5,1,2
2,0;6,1,2
2,0;7,1,2
2,0;9,1,2
2,0;10,1,2
2,0;11,1,2
2,0;12,1,2
2,0;13,1,2
2,0;14,1,2
2,0;16,1,2
2,0;19,1,2
2,0;22,1,2
2,0;24,1,2
2,0;25,1,2
2,0;26,1,2
2,0;30,1,2
2,0;31,1,2
2,0;37,1,2
2,0;38,1,2
2,0;44,1,2
2,0;49,1,2
2,0;54,1,2
2,0;58,1,2
2,0;59,1,2
2,0;60,1,2
2,0;66,1,2
2,0;67,1,2
2,0;72,1,2
2,0;73,1,2
2,0;74,1,2
2,0;77,1,2
2,0;78,1,2
2,1;2,1,2
2,1;6,1,2
2,1;7,1,2
2,1;22,1,2
2,1;24,1,2
2,1;25,1,2
2,1;49,1,2
2,1;54,1,2
2,1;59,1,2
2,1;66,1,2
2,1;72,1,2
2,1;77,1,2
2,1;78,1,2
2,2;3,1,2
2,2;5,1,2
2,2;6,1,2
2,2;7,1,2
2,2;9,1,2
2,2;10,1,2
2,2;11,1,2
2,2;12,1,2
2,2;13,1,2
2,2;14,1,2
2,2;16,1,2
2,2;19,1,2
2,2;22,1,2
2,2;24,1,2
2,2;25,1,2
2,2;26,1,2
2,2;30,1,2
2,2;31,1,2
2,2;37,1,2
2,2;38,1,2
2,2;44,1,2
2,2;49,1,2
2,2;54,1,2
2,2;58,1,2
2,2;59,1,2
2,2;60,1,2
2,2;66,1,2
2,2;67,1,2
2,2;72,1,2
2,2;73,1,2
2,2;74,1,2
2,2;77,1,2
2,2;78,1,2
2,3;6,1,2
2,3;7,1,2
2,3;12,1,2
2,3;13,1,2
2,3;14,1,2
2,3;22,1,2
2,3;24,1,2
2,3;25,1,2
2,3;26,1,2
2,3;30,1,2
2,3;31,1,2
2,3;49,1,2
2,3;54,1,2
2,3;59,1,2
2,3;66,1,2
2,3;72,1,2
2,3;73,1,2
2,3;74,1,2
2,3;77,1,2
2,3;78,1,2
2,5;6,1,2
2,5;7,1,2
2,5;22,1,2
2,5;24,2,2;3
2,5;25,1,2
2,5;49,1,2
2,5;54,1,2
2,5;59,1,2
2,5;66,2,2;3
2,5;72,1,2
2,5;77,1,2
2,5;78,2,2;3
2,6;7,1,2
2,6;9,1,2
2,6;10,1,2
2,6;11,1,2
2,6;12,1,2
2,6;13,1,2
2,6;14,1,2
2,6;16,1,2
2,6;19,1,2
2,6;22,1,2
2,6;24,1,2
2,6;25,1,2
2,6;26,1,2
2,6;30,1,2
2,6;31,1,2
2,6;37,1,2
2,6;38,1,2
2,6;44,1,2
2,6;49,1,2
2,6;54,1,2
2,6;58,1,2
2,6;59,1,2
2,6;60,1,2
2,6;66,1,2
2,6;67,1,2
2,6;72,1,2
2,6;73,1,2
2,6;74,1,2
2,6;77,1,2
2,6;78,1,2
2,7;9,1,2
2,7;10,1,2
2,7;11,1,2
2,7;12,1,2
2,7;13,1,2
2,7;14,1,2
2,7;16,1,2
2,7;19,1,2
2,7;22,1,2
2,7;24,1,2
2,7;25,1,2
2,7;26,1,2
2,7;30,1,2
2,7;31,1,2
2,7;37,1,2
2,7;38,1,2
2,7;44,1,2
2,7;49,1,2
2,7;54,1,2
2,7;58,1,2
2,7;59,1,2
2,7;60,1,2
2,7;66,1,2
2,7;67,1,2
2,7;72,1,2
2,7;73,1,2
2,7;74,1,2
2,7;77,1,2
2,7;78,1,2
2,9;22,1,2
2,9;24,1,2
2,9;25,1,2
2,9;49,1,2
2,9;54,1,2
2,9;59,1,2
2,9;66,1,2
2,9;72,1,2
2,9;77,1,2
2,9;78,1,2
2,10;22,1,2
2,10;24,2,2;3
2,10;25,1,2
2,10;49,1,2
2,10;54,1,2
2,10;59,1,2
2,10;66,2,2;3
2,10;72,1,2
2,10;77,1,2
2,10;78,2,2;3
2,11;22,1,2
2,11;24,1,2
2,11;25,1,2
2,11;49,1,2
2,11;54,1,2
2,11;59,1,2
2,11;66,1,2
2,11;72,1,2
2,11;77,1,2
2,11;78,1,2
2,12;16,1,2
2,12;22,1,2
2,12;24,1,2
2,12;25,1,2
2,12;37,1,2
2,12;38,1,2
2,12;44,1,2
2,12;49,1,2
2,12;54,1,2
2,12;58,1,2
2,12;59,1,2
2,12;66,1,2
2,12;72,1,2
2,12;77,1,2
2,12;78,1,2
2,13;16,1,2
2,13;22,1,2
2,13;24,1,2
2,13;25,1,2
2,13;37,1,2
2,13;38,1,2
2,13;44,1,2
2,13;49,1,2
2,13;54,1,2
2,13;58,1,2
2,13;59,1,2
2,13;66,1,2
2,13;72,1,2
2,13;77,1,2
2,13;78,1,2
2,14;16,1,2
2,14;22,1,2
2,14;24,1,2
2,14;25,1,2
2,14;37,1,2
2,14;38,1,2
2,14;44,1,2
2,14;49,1,2
2,14;54,1,2
2,14;58,1,2
2,14;59,1,2
2,14;66,1,2
2,14;72,1,2
2,14;77,1,2
2,14;78,1,2
2,16;22,1,2
2,16;24,1,2
2,16;25,1,2
2,16;26,1,2
2,16;30,1,2
2,16;31,1,2
2,16;49,1,2
2,16;54,1,2
2,16;59,1,2
2,16;66,1,2
2,16;72,1,2
2,16;73,1,2
2,16;74,1,2
2,16;77,1,2
2,16;78,1,2
2,19;22,1,2
2,19;24,2,2;3
2,19;25,1,2
2,19;49,1,2
2,19;54,1,2
2,19;59,1,2
2,19;66,2,2;3
2,19;72,1,2
2,19;77,1,2
2,19;78,2,2;3
2,22;24,1,2
2,22;25,1,2
2,22;26,1,2
2,22;30,1,2
2,22;31,1,2
2,22;37,1,2
2,22;38,1,2
2,22;44,1,2
2,22;49,1,2
2,22;54,1,2
2,22;58,1,2
2,22;59,1,2
2,22;60,1,2
2,22;66,1,2
2,22;67,1,2
2,22;72,1,2
2,22;73,1,2
2,22;74,1,2
2,22;77,1,2
2,22;78,1,2
2,24;25,1,2
2,24;26,1,2
2,24;30,2,2;3
2,24;31,1,2
2,24;37,1,2
2,24;38,1,2
2,24;44,2,2;3
2,24;49,1,2
2,24;54,1,2
2,24;58,1,2
2,24;59,1,2
2,24;60,2,2;3
2,24;66,2,2;3
2,24;67,2,2;3
2,24;72,1,2
2,24;73,1,2
2,24;74,1,2
2,24;77,1,2
2,24;78,2,2;3
2,25;26,1,2
2,25;30,1,2
2,25;31,1,2
2,25;37,1,2
2,25;38,1,2
2,25;44,1,2
2,25;49,1,2
2,25;54,1,2
2,25;58,1,2
2,25;59,1,2
2,25;60,1,2
2,25;66,1,2
2,25;67,1,2
2,25;72,1,2
2,25;73,1,2
2,25;74,1,2
2,25;77,1,2
2,25;78,1,2
2,26;37,1,2
2,26;38,1,2
2,26;44,1,2
2,26;49,1,2
2,26;54,1,2
2,26;58,1,2
2,26;59,1,2
2,26;66,1,2
2,26;72,1,2
2,26;77,1,2
2,26;78,1,2
2,30;37,1,2
2,30;38,1,2
2,30;44,2,2;3
2,30;49,1,2
2,30;54,1,2
2,30;58,1,2
2,30;59,1,2
2,30;66,2,2;3
2,30;72,1,2
2,30;77,1,2
2,30;78,2,2;3
2,31;37,1,2
2,31;38,1,2
2,31;44,1,2
2,31;49,1,2
2,31;54,1,2
2,31;58,1,2
2,31;59,1,2
2,31;66,1,2
2,31;72,1,2
2,31;77,1,2
2,31;78,1,2
2,37;49,1,2
2,37;54,1,2
2,37;59,1,2
2,37;66,1,2
2,37;72,1,2
2,37;73,1,2
2,37;74,1,2
2,37;77,1,2
2,37;78,1,2
2,38;49,1,2
2,38;54,1,2
2,38;59,1,2
2,38;66,1,2
2,38;72,1,2
2,38;73,1,2
2,38;74,1,2
2,38;77,1,2
2,38;78,1,2
2,44;49,1,2
2,44;54,1,2
2,44;59,1,2
2,44;66,2,2;3
2,44;72,1,2
2,44;73,1,2
2,44;74,1,2
2,44;77,1,2
2,44;78,2,2;3
2,49;54,1,2
2,49;58,1,2
2,49;59,1,2
2,49;60,1,2
2,49;66,1,2
2,49;67,1,2
2,49;72,1,2
2,49;73,1,2
2,49;74,1,2
2,49;77,1,2
2,49;78,1,2
2,54;58,1,2
2,54;59,1,2
2,54;60,1,2
2,54;66,1,2
2,54;67,1,2
2,54;72,1,2
2,54;73,1,2
2,54;74,1,2
2,54;77,1,2
2,54;78,1,2
2,58;59,1,2
2,58;66,1,2
2,58;72,1,2
2,58;73,1,2
2,58;74,1,2
2,58;77,1,2
2,58;78,1,2
2,59;60,1,2
2,59;66,1,2
2,59;67,1,2
2,59;72,1,2
2,59;73,1,2
2,59;74,1,2
2,59;77,1,2
2,59;78,1,2
2,60;66,2,2;3
2,60;72,1,2
2,60;77,1,2
2,60;78,2,2;3
2,66;67,2,2;3
2,66;72,1,2
2,66;73,1,2
2,66;74,1,2
2,66;77,1,2
2,66;78,2,2;3
2,67;72,1,2
2,67;77,1,2
2,67;78,2,2;3
2,72;73,1,2
2,72;74,1,2
2,72;77,1,2
2,72;78,1,2
2,73;77,1,2
2,73;78,1,2
2,74;77,1,2
2,74;78,1,2
2,77;78,1,2
2,8;15,1,3
2,8;24,1,3
2,8;30,1,3
2,8;66,1,3
2,8;78,1,3
2,15;17,1,3
2,15;24,1,3
2,15;33,1,3
2,15;35,1,3
2,15;44,1,3
2,15;65,1,3
2,15;66,1,3
2,15;68,1,3
2,15;78,1,3
2,15;79,1,3
2,17;24,1,3
2,17;30,1,3
2,17;66,1,3
2,17;78,1,3
2,24;33,1,3
2,24;35,1,3
2,24;41,1,3
2,24;65,1,3
2,24;68,1,3
2,24;79,1,3
2,30;33,1,3
2,30;35,1,3
2,30;65,1,3
2,30;68,1,3
2,30;79,1,3
2,33;66,1,3
2,33;78,1,3
2,35;66,1,3
2,35;78,1,3
2,41;66,1,3
2,41;78,1,3
2,65;66,1,3
2,65;78,1,3
2,66;68,1,3
2,66;79,1,3
2,68;78,1,3
2,78;79,1,3
