"Cluster ID","Binary String","ID","Match Score","Exact String","False Negatives","False Positives","Row Shifts","Column Shifts","Fit Quality","X Position","Y Position","Theta","Group Number"
0,"b00000000010100001100000011011001100001000110110010000010010111101101100100001000",0,7850.885542891883,"b00000001011111001100000011001001101001000111110010000000010111101100110100001000",7,3,0,0,0.7795751491307651,406.99875918780947,269.03447448866035,4.02031278996383,0
1,"b00000001010000001100000010000001011000000111110010000000010010111000110000001000",0,9303.800108375264,"b00000001011111001100000011001001101001000111110010000000010111101100110100001000",12,2,0,0,0.723545189588891,403.89748276933415,352.17762789937916,2.792784196002858,1
2,"b00000001010000001000000011001001001001000111110010000000010111001000110100001000",0,8109.590178920392,"b00000001011111001100000011001001101001000111110010000000010111101100110100001000",8,0,0,0,0.7923885079456318,98.94626430759769,53.43077139995507,6.329383660360646,2
3,"b00000000101100010101101000000000001100100010011110000010000000110000111000000000",0,6317.485236492722,"b00000001011111001100000011001001101001000111110010000000010111101100110100001000",11,1,0,0,0.6259208193972937,244.920477545911,348.17874388519294,5.499438386632008,3
4,"b00000000101100010111100000000001001101100000010110010011000000110000001010000000",0,7512.098340088072,"b00000001011111001100000011001001101001000111110010000000010111101100110100001000",9,0,0,0,0.6876340493087636,43.65380337806013,255.11154598221444,3.115029579770616,4
5,"b00010000100100110111001000000001001111100010010110010001000000100000100010000000",0,7143.272613054638,"b00000001011111001100000011001001101001000111110010000000010111101100110100001000",8,0,0,0,0.6882112108655186,439.78079154153215,294.89162059407994,3.5578354550139495,5
6,"b00010000100000110111001000100001001111100010010010010011000000110000001010000000",0,7522.588181314739,"b00000001011111001100000011001001101001000111110010000000010111101100110100001000",8,1,0,0,0.8245821799181985,450.7899820827638,121.67870492485181,0.7359788608268272,6
7,"b00000001010000001100000011001001000001000110110010000000010111101100110000001000",0,8082.124076384999,"b00000001011111001100000011001001101001000111110010000000010111101100110100001000",8,0,0,0,0.6951171249282102,301.061532281576,212.4032869104844,2.006786058275712,7
8,"b00000001100000111100011011010001001001000000000100110100010010010001100000010000",0,562.7347051403982,"b00000001011111001100000011001001101001000111110010000000010111101100110100001000",21,13,0,0,0.7921315827003144,507.7115841130383,62.126121851894546,3.219004679132885,8
9,"b00000000010000001110000001001001101001000011110110000000010101001000100000001000",0,6682.865180411248,"b00000001011111001100000011001001101001000111110010000000010111101100110100001000",12,2,0,0,0.7239205412350496,352.94112430042935,497.7368069414941,5.099666399550287,8
10,"b00000001010100001100000011001001101001000110110010000000010101100000100100001000",0,7698.385946826114,"b00000001011111001100000011001001101001000111110010000000010111101100110100001000",8,0,0,0,0.7013566871949031,305.5425841380269,393.1354257801761,4.461925978412578,9
11,"b00010000000100110111101000001001001111100010010110010011000000110000100110000000",0,8015.3518171900505,"b00000001011111001100000011001001101001000111110010000000010111101100110100001000",6,2,0,0,0.7804186500851977,386.5668611023936,41.41030219053466,4.32505292116786,10
12,"b00010000101001000111101000000000001101100010010110010011000000100000001010000000",0,5983.984024000078,"b00000001011111001100000011001001101001000111110010000000010111101100110100001000",10,1,0,0,0.7246671325356052,160.07455212868106,52.992961386835866,3.544152295218864,11
13,"b00000000101100110111100000000001001101100010010110010011000000010000000010000000",0,7371.738889230093,"b00000001011111001100000011001001101001000111110010000000010111101100110100001000",9,0,0,0,0.6717720870831059,310.89069995023715,315.85832653052296,4.357855177565533,12
14,"b01001000000001100000000111000000010100000000000000000000010001010100000100000100",0,4028.2487131010275,"b00000001011111001100000011001001101001000111110010000000010111101100110100001000",25,8,0,-1,0.7902542929043219,74.99316827319501,102.12312001553998,1.528461844643505,13
15,"b00000000000000000110000001110000001111000000010000000000000000000000000000000000",0,2820.684612935377,"b00000001011111001100000011001001101001000111110010000000010111101100110100001000",25,3,-1,1,0.696796169567289,467.42926616053427,261.86161456520716,4.0412553023181665,13
16,"b00100000100000011110011011001001100101100000110010111010010101001100110000001000",0,2554.3659547421257,"b00000001011111001100000011001001101001000111110010000000010111101100110100001000",13,12,0,0,0.7827024025160246,318.084178752063,102.00146490432165,5.8586099108243,13
17,"b00000001010000001100000011001000101001000111110000000000010111100000010000001000",0,7958.715571281419,"b00000001011111001100000011001001101001000111110010000000010111101100110100001000",10,0,0,0,0.6979326356330039,173.88505458729415,204.3376472495374,6.231680067761355,13
18,"b00001000000100100001001101101100110000000011000000010011001000100100001010000000",0,1894.5533020491062,"b00000001011111001100000011001001101001000111110010000000010111101100110100001000",21,11,0,0,0.756635795720568,224.684903138055,52.75024721416678,4.553452859241504,14
19,"b00000001010000000100000011011001001001000011110010000000010011100000100100001000",0,7326.207676313654,"b00000001011111001100000011001001101001000111110010000000010111101100110100001000",11,1,0,0,0.7256340813970891,209.53196972623064,38.09360511464305,3.6662542620522958,14
20,"b00010000001100100010001000011100001000000110011110100111100001110010000000000000",0,3387.8278431812687,"b00000001011111001100000011001001101001000111110010000000010111101100110100001000",16,9,0,0,0.7335138326239246,389.0538095037512,316.8741205370069,5.16465308228277,15
21,"b00010000100100010110101000000001101101000110010110011011000000010000001010000000",0,7559.689619614884,"b00000001011111001100000011001001101001000111110010000000010111101100110100001000",10,3,0,0,0.6790174091486754,271.64014839030665,6.132726197601647,6.023840436220895,15
22,"b00000000100000011110010001001001101101000000110000111010010101000000110000011000",0,2563.9273274069747,"b00000001011111001100000011001001101001000111110010000000010111101100110100001000",19,13,0,0,0.7502973125031319,81.67464949003754,256.10625087026614,3.6560101408354297,16
23,"b00000000000110100000100000001101000001110010100001000011010000011011000000000000",0,2760.3039648458653,"b00000001011111001100000011001001101001000111110010000000010111101100110100001000",20,8,0,0,0.7130364775572957,239.78711286856398,451.69982817401365,3.7696264644395443,16
24,"b00000001010100000000000011011001101001000111110100000000010000100100110100001000",0,7723.583685077844,"b00000001011111001100000011001001101001000111110010000000010111101100110100001000",10,2,0,0,0.709555755523715,155.0694318035091,99.10647284810007,5.3603305911219685,16
25,"b00000000110000000010000000001000001001000000010000000010000000010000000000000000",0,1605.7431105523597,"b00000001011111001100000011001001101001000111110010000000010111101100110100001000",25,2,-1,1,0.7151893931129778,374.8848447297749,374.92777053335857,2.389545388939207,17
26,"b00000001010100001100000011011000101000000011110010000000010101101000110000001000",0,6146.435622056732,"b00000001011111001100000011001001101001000111110010000000010111101100110100001000",9,1,0,0,0.7479625817455026,28.84382561927146,138.58375946439145,3.503759824629867,17
27,"b00010000101100010111101000010001000000100010010110010011000001010000001000000000",0,6415.527330267694,"b00000001011111001100000011001001101001000111110010000000010111101100110100001000",11,2,0,0,0.7439698120904996,284.61093035867617,35.911603731143174,2.3807431656654607,18
28,"b00010000101100000111001000000001101111100010010110000011000000110000001010000000",0,6808.833756733299,"b00000001011111001100000011001001101001000111110010000000010111101100110100001000",8,1,0,0,0.7445268832280926,425.26525196507885,265.6550981648604,2.543798840649148,19
29,"b00010000001000110111001000000001001101100010010110010000000000010000001010000000",0,6437.653047267317,"b00000001011111001100000011001001101001000111110010000000010111101100110100001000",11,0,0,0,0.7235296709127889,372.62752191987516,149.54737107207606,5.830794215418585,20
30,"b00000001010000001100010011001011101001000110110000000000010011101100000100001000",0,7031.866462063076,"b00000001011111001100000011001001101001000111110010000000010111101100110100001000",9,2,0,0,0.7214426216030454,51.14560384021153,443.9290450584931,1.6672330267023667,21
31,"b00100000000000000000000000011000010101100000010010010101000000000000000100000000",0,567.2462453235053,"b00000001011111001100000011001001101001000111110010000000010111101100110100001000",25,6,0,0,0.719249100029946,118.20854976821995,469.6743759827044,0.005699271564249998,22
32,"b00000001010000011100010011011001101011000000100110110100111010000101100000010000",0,2577.168124855671,"b00000001011111001100000011001001101001000111110010000000010111101100110100001000",15,12,0,0,0.7088883420476846,234.51621781545296,227.707094451207,4.2393256724395885,22
33,"b00000000101100010110101000100000001111000010010110010011000000100000100010000000",0,6797.386384647821,"b00000001011111001100000011001001101001000111110010000000010111101100110100001000",10,1,0,0,0.748660616456846,400.51526068413733,186.58586274273455,0.6534443635688971,22
34,"b00000011010000001100000001000001101001000110110100000000000011101000110100001010",0,7181.222323903168,"b00000001011111001100000011001001101001000111110010000000010111101100110100001000",11,3,0,0,0.7506567878641411,479.45806483922524,444.9028694064723,0.7743513657643504,23
35,"b00010000100100010111001000100001000111000010010110011110000000010000001010000000",0,8162.503982384017,"b00000001011111001100000011001001101001000111110010000000010111101100110100001000",11,3,0,0,0.7342260040047618,71.89674976628466,19.967017879050267,4.861619159353687,24
36,"b00010000100100010111000000000001001101100010010110010011000000110000001010000000",0,7711.86478911333,"b00000001011111001100000011001001101001000111110010000000010111101100110100001000",9,0,0,0,0.6799493163853535,221.37624069635044,142.51198366531153,-0.02549801851544206,25
37,"b01100000001110100001010001111101000000010010011100010000010000001100001010000000",0,1782.1794869120474,"b00000001011111001100000011001001101001000111110010000000010111101100110100001000",21,14,0,0,0.8603412959115709,243.8995836481524,499.7726163666412,2.3044503789610253,26
38,"b00001100000000111100000110100000010001101110100111010000001000001010001100000000",0,944.7312501106483,"b00000001011111001100000011001001101001000111110010000000010111101100110100001000",21,14,0,0,0.7786916702986441,461.5420112866968,340.11835899184075,0.5237535825645361,26
39,"b00010000101100010110000000000001001010100010010110000011000000110000101010000000",0,5158.427889751903,"b00000001011111001100000011001001101001000111110010000000010111101100110100001000",10,0,0,0,0.7125134120582175,400.8448974344867,163.1124358039765,1.8761473543612732,26
40,"b00000001010100011100000011111001111001000110110100000000010101101000110100001000",0,6387.9542561515445,"b00000001011111001100000011001001101001000111110010000000010111101100110100001000",7,5,0,0,0.7714501851340112,453.38471045456635,42.48310155273387,3.861422564746752,27
41,"b00010000100000010111001000000000001101100010110000010011000000100000001010000000",0,7114.9728785052475,"b00000001011111001100000011001001101001000111110010000000010111101100110100001000",13,1,0,0,0.6718406397839214,276.3508271086782,389.825251987258,3.987301764522108,28
42,"b00000001010000001100000011001001001001000111100010000000010111000100110100000000",0,7421.993609848111,"b00000001011111001100000011001001101001000111110010000000010111101100110100001000",9,0,0,0,0.6789158761853606,304.9260175465591,418.1075201075702,1.32798015432126,29
43,"b00000001000000001000001011000001101001000101110010010011010111101100111100001000",0,6799.380922245206,"b00000001011111001100000011001001101001000111110010000000010111101100110100001000",8,5,0,0,0.7701278758642899,460.76372653728623,389.7512582091082,4.273336720581607,30
44,"b00000011010100001100000010001001101001000111110000000010000111101000110100001000",0,6752.0660357077295,"b00000001011111001100000011001001101001000111110010000000010111101100110100001000",7,2,0,0,0.8130090070730462,299.67718576756505,52.61874297959363,-0.002088748064024928,31
45,"b00110000001001000000110001000000010000000000100110000001010000000000100001000000",0,2601.5222897661365,"b00000001011111001100000011001001101001000111110010000000010111101100110100001000",25,8,0,0,0.7495238574291307,414.5463660316229,462.8827617775645,2.8203649171348286,32
46,"b00000011010010001100000011011001000011000110110110000010110101101001110100001000",0,6605.561753165104,"b00000001011111001100000011001001101001000111110010000000010111101100110100001000",8,7,0,0,0.7728157931739104,7.260115864761497,41.49674971801742,1.2191861809358129,32
47,"b00010000000100010000100000011001001000000010000110100010010001111000000100000001",0,2766.084950860431,"b00000001011111001100000011001001101001000111110010000000010111101100110100001000",20,8,0,0,0.7556609800970236,102.36140989183306,442.3540294693039,4.022162015019832,33
48,"b00010000001100010101101000000001001111100000010110010011000000110000001010000000",0,7756.59563387442,"b00000001011111001100000011001001101001000111110010000000010111101100110100001000",8,0,0,0,0.6901134817255856,177.44095543500598,408.06042112052194,4.311750459898416,33
49,"b00000110001010110000000100001011000101000011010000000111000000000010110000001010",0,2376.8590431631956,"b00000001011111001100000011001001101001000111110010000000010111101100110100001000",19,10,0,0,0.8138200839672184,127.3345862470285,219.54009568664688,5.773820961626498,34
50,"b00000001010000001000000011001001101001000100100010000000010111001000110100001000",0,8315.33412496754,"b00000001011111001100000011001001101001000111110010000000010111101100110100001000",10,0,0,0,0.7006574066345556,284.16746916481657,221.81442703381796,2.4697883530054043,34
51,"b00000001010000001100000011011001111001000000110110000000010111101000100100001000",0,7303.306769194207,"b00000001011111001100000011001001101001000111110010000000010111101100110100001000",9,3,0,0,0.7632322328151597,432.37875276397625,89.42525376637619,5.941849319686486,35
52,"b00000001010000000100000011001001011001000111110110000000010111100100000000001000",0,7133.879943202461,"b00000001011111001100000011001001101001000111110010000000010111101100110100001000",10,2,0,0,0.7172631519013876,95.63367730852379,94.1292082615832,0.20982540038699393,36
53,"b00000000010100001100000011001001001000000111110000000000000111100100100100001000",0,7276.822616836107,"b00000001011111001100000011001001101001000111110010000000010111101100110100001000",10,0,0,0,0.7213037267711476,368.71800891579636,199.66060123750415,2.419507199083313,37
54,"b00010000101100010111101000000000101001100010010110000011000000110000101010000000",0,7518.73265087238,"b00000001011111001100000011001001101001000111110010000000010111101100110100001000",8,1,0,0,0.7272961997753781,327.4276904432529,263.67324752108726,3.0561558417527843,38
55,"b00000001010000001100000011100001101001000110110010000000010111101000100100001000",0,7505.622791058167,"b00000001011111001100000011001001101001000111110010000000010111101100110100001000",8,1,0,0,0.725861954286527,307.31290058748294,432.6638261646998,4.039720533013979,39
56,"b00000001010000001000000001001001101001000100010010000000000001111000100100001000",0,5599.965936086903,"b00000001011111001100000011001001101001000111110010000000010111101100110100001000",14,1,0,0,0.6922241876460062,111.71541820909357,302.1114841315264,2.8098630274946563,40
57,"b00010000000100010111011000001001011101100010010110000011000000110000000000000000",0,8231.436836858089,"b00000001011111001100000011001001101001000111110010000000010111101100110100001000",12,3,0,0,0.7336108100776113,424.79710951906696,205.98178631763793,2.491044093886437,41
58,"b00000001110000000100000101001100001000100111100000000000000000000000000000000000",0,2959.966881260343,"b00000001011111001100000011001001101001000111110010000000010111101100110100001000",22,4,-1,1,0.7388390729025593,28.18361775807979,25.290407822353785,4.524378527744105,42
59,"b00010000001100100111000010000001001111000000010110010011001100110000010011000000",0,1392.0721999507077,"b00000001011111001100000011001001101001000111110010000000010111101100110100001000",10,4,0,0,0.6824380218567939,91.56640843609088,406.74089258253474,4.094911148941275,42
60,"b00010000101100010111011000010001001101100010010110010111000000010000101010000000",0,6002.698815288622,"b00000001011111001100000011001001101001000111110010000000010111101100110100001000",7,3,0,0,0.770437626388568,470.93931397036556,99.44332938223282,4.110501880867524,43
61,"b00010000100100010101001000000001001110100010010110010011000000010000001010000000",0,8473.899468422205,"b00000001011111001100000011001001101001000111110010000000010111101100110100001000",10,0,0,0,0.6643909006598279,202.7996975931986,226.9683653344335,4.068639833430159,44
62,"b00000001010000001100000011001001101001000110110100000000010011101100110100001000",0,8213.247383011314,"b00000001011111001100000011001001101001000111110010000000010111101100110100001000",7,1,0,0,0.6577752434501339,229.26875832803157,293.8593573197326,4.309172554641295,45
63,"b00000001010100001100000011000001001111000110110100000000010111101110110100001000",0,6779.357842360974,"b00000001011111001100000011001001101001000111110010000000010111101100110100001000",7,4,0,0,0.6886603642492352,161.0475202012229,242.9476837627919,5.724421354821423,46
64,"b00010000101110010011100000000001000100100010000110011010000000110000001010000000",0,5500.333287119902,"b00000001011111001100000011001001101001000111110010000000010111101100110100001000",12,2,0,0,0.6501272669888892,104.08757834255105,288.49741178304845,2.8462927081688787,47
65,"b00010000101100110111111000000001001111100010010110000000000000000000000000000000",0,7685.726977226805,"b00000001011111001100000011001001101001000111110010000000010111101100110100001000",11,1,-1,0,0.6459562454971126,385.04533936927317,336.9147090535942,4.084955798280004,48
66,"b00000000000100001100000010000001001001000111110100000000010111101100010100001000",0,4114.897830338673,"b00000001011111001100000011001001101001000111110010000000010111101100110100001000",10,1,0,0,0.7186025322224057,449.50373234067644,508.89461474191575,5.354415912530876,49
67,"b00000001010000000100000011001001001001000110110010010000010011101000110100001000",0,6558.005908320932,"b00000001011111001100000011001001101001000111110010000000010111101100110100001000",9,1,0,0,0.7314023582766772,15.06036593834835,80.29048588200652,6.164463129768897,50
68,"b00000000000000001110011000000001101001000000110100110010011010011001100000010000",0,2461.3048477164234,"b00000001011111001100000011001001101001000111110010000000010111101100110100001000",20,11,0,0,0.7525335629738653,426.78358234964,189.80754588511184,3.629150766793625,51
69,"b00000001010000001100000011001001101001000110110010000000010110100000110100001000",0,7235.582122957183,"b00000001011111001100000011001001101001000111110010000000010111101100110100001000",8,0,0,0,0.6878394981785981,33.681769720702185,246.7577123738635,0.6170365809907135,51
70,"b00000001000000001100000011011001101001000110110000000000010111101000100100001000",0,7885.656154043765,"b00000001011111001100000011001001101001000111110010000000010111101100110100001000",9,1,0,0,0.7552037781081082,105.17927233052606,101.84123042283476,3.7687696742956716,52
71,"b00010000101100010101101000010001001111100000010110010011000000100000000010000000",0,7800.471728183851,"b00000001011111001100000011001001101001000111110010000000010111101100110100001000",9,1,0,0,0.6755895904995127,377.32354196436194,323.59100963294594,1.180353447755989,53
72,"b00000011010000001100000001001001101001000110110000000000010101101000110100000000",0,6502.702925087769,"b00000001011111001100000011001001101001000111110010000000010111101100110100001000",10,1,0,1,0.7304459459286198,58.56020222012959,431.3026042034147,5.371648143420465,54
73,"b00010000100100010111101000000001100111100010010110010011000000110000101010000000",0,7187.672883074629,"b00000001011111001100000011001001101001000111110010000000010111101100110100001000",6,1,0,0,0.7954148685047163,406.77335507863495,76.2347781955729,4.168314567247537,55
74,"b00000001010000001100000011001001001001000100110010000000010011100000100100001000",0,8255.452778716792,"b00000001011111001100000011001001101001000111110010000000010111101100110100001000",11,0,0,0,0.7066381645697338,368.3880876308316,264.44650724348327,2.6081391620201244,56
75,"b00000000000000000000000000000000000011100010001100000000000000000000000000000000",0,2183.6049162489257,"b00000001011111001100000011001001101001000111110010000000010111101100110100001000",27,1,0,1,0.6990055968141574,501.0938095342918,161.67560996655814,2.0383076534881965,57
76,"b00010000001100010111101000000000001101100000000010000011000000100000001010000000",0,6563.738090024333,"b00000001011111001100000011001001101001000111110010000000010111101100110100001000",13,0,0,0,0.7149011370932327,333.0295963475542,478.05815667381,5.732831370054878,57
77,"b00010000101100110011100000000001001111100010010110000011000000100000100010000000",0,5549.223849051972,"b00000001011111001100000011001001101001000111110010000000010111101100110100001000",8,0,0,0,0.6800066082320751,60.85151432806424,331.44545021498914,3.1044994887754385,58
78,"b00010000101100110111111000000001101111100010011110010011000000110000101010000000",0,7336.708207900549,"b00000001011111001100000011001001101001000111110010000000010111101100110100001000",3,3,0,0,0.7557112265429954,452.66200495258977,81.13176829186509,5.950593928780613,59
79,"b00000001000000110100011011001011111111000000110110010110001010000001100000010000",0,3602.931301183846,"b00000001011111001100000011001001101001000111110010000000010111101100110100001000",16,13,0,0,0.7244371511559583,399.45965978859687,268.9140939898626,5.674440853025265,60
80,"b00000001010000001100000011001001101001000110110100000000010111101000110100011000",0,6911.954021734395,"b00000001011111001100000011001001101001000111110010000000010111101100110100001000",7,2,0,0,0.7106335989346564,251.4747578047658,400.1353702252297,1.803820411420518,60
81,"b00010000101100011111010000000001101111100010010110010011000000110000101010000000",0,8053.2187186564,"b00000001011111001100000011001001101001000111110010000000010111101100110100001000",6,3,0,0,0.7724278364352167,39.79720507120451,39.747142515622464,5.88765848332212,61
82,"b00000001010000001100000011001001111011000111110010000000010111101000100100001000",0,7561.7351212984995,"b00000001011111001100000011001001101001000111110010000000010111101100110100001000",6,2,0,0,0.7886847735715743,428.6985895187035,507.44118459734887,5.7054681933548945,62
83,"b00010000001000100110101000000000000001100010010110010011000000110000001110000000",0,5741.476474301664,"b00000001011111001100000011001001101001000111110010000000010111101100110100001000",12,1,0,0,0.7636471445474009,33.65671279816698,299.14854833225183,4.73745481719519,63
84,"b00000000000100100111001000000001001101000000110110010010000000110000101010000000",0,6361.191704677109,"b00000001011111001100000011001001101001000111110010000000010111101100110100001000",12,1,0,0,0.6994240289678858,124.3939188154788,347.8995264475283,5.548317911734311,64
85,"b00000001110000001100000011000001001001000110110010000000010111101000000100001000",0,7175.22722784757,"b00000001011111001100000011001001101001000111110010000000010111101100110100001000",10,1,0,0,0.7319524952742028,176.0835717721882,492.81760570497846,4.064659617388335,65
86,"b00000001010000011000000011001001001001000110000010000000010101101100000100001000",0,6469.776155040589,"b00000001011111001100000011001001101001000111110010000000010111101100110100001000",12,1,0,0,0.7515921404368098,170.43571177671433,84.46386332308431,3.0918384438480686,66
87,"b00010000101100100111101000000001001111100010011110010011000000110000101010000000",0,7904.152636129691,"b00000001011111001100000011001001101001000111110010000000010111101100110100001000",4,1,0,0,0.6906173693623868,165.19216888911097,434.79403943691403,5.095584025163468,67
88,"b00000000000000000000000000000000001000000000100000000000000000000000000000000000",0,14913.000000000004,"b00000001011111001100000011001001101001000111110010000000010111101100110100001000",30,0,0,0,0.635286470759095,173.3109860371306,450.9643244170682,2.650583788648264,68
89,"b00000001010000000100000011001000101001000110110000000000010111101000110100001000",0,7443.809592159179,"b00000001011111001100000011001001101001000111110010000000010111101100110100001000",9,0,0,0,0.7020979115852196,270.1182836644417,266.99282476542066,5.07390808089043,68
90,"b00000001011000011000000011001001001000000110110010000001010111101100100100001000",0,5005.62313115082,"b00000001011111001100000011001001101001000111110010000000010111101100110100001000",8,2,0,0,0.788562494011551,500.6817252223594,114.92525811276461,5.230933082389194,69
91,"b00010000101100110111000000000000001000100000000110010011000000110000101010000000",0,5676.470627404931,"b00000001011111001100000011001001101001000111110010000000010111101100110100001000",11,0,0,0,0.7416083626363668,480.8304778452086,495.3864849128117,6.030819000582399,70
92,"b10110100000100111101001000001000100011010000011000001011000000001000001100000000",0,2133.2172007830354,"b00000001011111001100000011001001101001000111110010000000010111101100110100001000",19,11,0,0,1.4209325542005238,501.0585302298154,250.9057954126353,4.780667524955396,71
93,"b00000001000100000100000011001000101001000110010010000000000111101100110100001000",0,6971.226239000958,"b00000001011111001100000011001001101001000111110010000000010111101100110100001000",9,0,0,0,0.6663532436193469,404.41898326391635,371.2878123366498,5.8730669729108005,71
94,"b00010000101100010010101000000000101111100010000110011001000000110000101010000000",0,7619.915844958217,"b00000001011111001100000011001001101001000111110010000000010111101100110100001000",9,2,0,0,0.7100150111325665,19.27881567542345,115.26826500701152,6.134126926076363,72
95,"b00010000001100010010001000011001001000000010010110000011011000110100000000000000",0,3824.7798112951214,"b00000001011111001100000011001001101001000111110010000000010111101100110100001000",16,5,0,0,0.7278777033559535,224.14877964643188,332.12490791291117,3.95300690736454,73
96,"b00000000000000000010000000000000001000000011000010001100011100000000100000000010",0,1177.410287258679,"b00000001011111001100000011001001101001000111110010000000010111101100110100001000",25,5,1,1,0.6692270477182198,78.33389082688552,141.4799114911984,5.323983424422492,73
97,"b00010000001100110111001000000001001111000010011110010011000000110000101010000000",0,7338.2027499263795,"b00000001011111001100000011001001101001000111110010000000010111101100110100001000",6,1,0,0,0.7369566014646695,157.09888150780515,76.10027729381214,5.2370068759736625,73
98,"b00000001010000011100000011001001101001000110110000000000000110100000010100001000",0,3870.2420412597494,"b00000001011111001100000011001001101001000111110010000000010111101100110100001000",11,1,0,0,0.6826850396423959,287.03194176069746,297.49565956151883,2.961366967828107,74
99,"b00010000000100110111101000000001000111100010010110000001000000110000001010000000",0,7939.390278062057,"b00000001011111001100000011001001101001000111110010000000010111101100110100001000",9,0,0,0,0.7217119876885912,113.63939880517889,491.614178239265,3.9818543306010223,75
100,"b00000001010000001000000011001001001001000001110100000000011101001001010100001000",0,5704.84669366353,"b00000001011111001100000011001001101001000111110010000000010111101100110100001000",13,3,0,0,0.7646056797000422,431.87971271535264,425.18269428217354,6.218836825532254,76
101,"b00000000010100001100000011000001100101000110000000001000010110100000110100000000",0,6373.824216273335,"b00000001011111001100000011001001101001000111110010000000010111101100110100001000",14,2,0,0,0.7279209392352994,337.34667223170237,501.1431776349914,4.476027474874128,76
102,"b00000000000000000000000000100000001101000000001000000001000000000010000000000000",0,1425.2326512877607,"b00000001011111001100000011001001101001000111110010000000010111101100110100001000",27,2,0,1,0.6885296196262416,143.51099494437253,491.2325662413843,1.0457428218529214,76
103,"b00000001010000001100000001001000101000000010110010000000010111101000110100000000",0,6734.86641781342,"b00000001011111001100000011001001101001000111110010000000010111101100110100001000",11,0,0,0,0.7373888728246111,87.67617466081641,375.69126415964246,1.33407187404126,76
104,"b00010000101100110111101000000001001110100010011100010011000010110000011010000000",0,3307.7524668266506,"b00000001011111001100000011001001101001000111110010000000010111101100110100001000",5,2,0,0,0.7601640436978878,21.41118044670905,481.0437324066323,3.1098697303758147,77
105,"b00000001010000000100000011001001100001000111110110000100010111001100110100001000",0,6949.787992161739,"b00000001011111001100000011001001101001000111110010000000010111101100110100001000",7,2,0,0,0.6745353037832728,143.787567323254,189.79694403608147,5.666461535231417,78
106,"b00011000001100000011100000011101001100000010010110000011011000110000000110000100",0,3628.796313474792,"b00000001011111001100000011001001101001000111110010000000010111101100110100001000",14,8,0,0,0.780401517824277,403.2146237050691,219.1403252021378,5.635845122719826,79
107,"b00000001010100001100000011001001001001000110110110000000010110100100110000001000",0,6998.812016566959,"b00000001011111001100000011001001101001000111110010000000010111101100110100001000",8,1,0,0,0.6847126043720888,23.86176554558512,284.6352502428828,3.2492257814461434,79
108,"b00010000100100110111001000000001101101100010010110010011000000110000101010000000",0,7883.5850305433905,"b00000001011111001100000011001001101001000111110010000000010111101100110100001000",6,1,0,0,0.6979166620329041,291.0312697405726,153.38889062964586,4.382752156332234,80
109,"b00010000100000010111101000000001001101100010010110010011000000110000001010000000",0,6509.850532767898,"b00000001011111001100000011001001101001000111110010000000010111101100110100001000",8,0,0,0,0.7178687325468844,249.78463531214376,395.5320347377232,4.470703600219634,81
110,"b00010000001100010111101000000000001110100010010110011011000000110000101010000000",0,7275.613145823762,"b00000001011111001100000011001001101001000111110010000000010111101100110100001000",7,1,0,0,0.7391671200582141,372.02111416838585,134.74910499886886,6.19046862635449,82
111,"b00010000101100010110101000000001001111100010010110000011000000110000101010000000",0,8543.477694557172,"b00000001011111001100000011001001101001000111110010000000010111101100110100001000",6,0,0,0,0.7487420900819631,212.00058563170555,46.11591877565845,3.1462502092278024,83
112,"b00000000101100110111101000001000101000100011010110011111000000110000001010000000",0,5366.642930461651,"b00000001011111001100000011001001101001000111110010000000010111101100110100001000",9,5,0,0,0.7954993167821752,321.1525283874349,97.22887712717056,2.6973737696956106,84
113,"b10010100001011000000000000000000011100000000010000100000111000000111000100000010",0,2239.9695665152362,"b00000001011111001100000011001001101001000111110010000000010111101100110100001000",24,11,0,-1,0.8239961786591193,490.23114499528975,361.96761763452963,2.881424307974376,85
114,"b00000000001100100000101000000001001111000010010110010011000000110000100010000000",0,6415.16247643356,"b00000001011111001100000011001001101001000111110010000000010111101100110100001000",11,0,0,-1,0.6741414270993772,124.41799614434032,262.13427167786693,4.60912549989029,85
115,"b00000100000001000110000000011101001000001010010100001101000000100000000000000000",0,982.8035761342895,"b00000001011111001100000011001001101001000111110010000000010111101100110100001000",24,9,-1,0,0.7367297595101547,79.4278736095371,107.26909731192478,6.197211750341529,86
116,"b00000001010100001110000001000001000001000101110010000000010101101000100100001000",0,6742.074569059819,"b00000001011111001100000011001001101001000111110010000000010111101100110100001000",11,1,0,0,0.6941069589286751,231.99480785399177,440.471498075963,3.0599272834262634,86
117,"b00010000001100010001101000000001000101100010010110000011000000100000101010000000",0,8107.601121628245,"b00000001011111001100000011001001101001000111110010000000010111101100110100001000",11,0,0,0,0.7154717816455682,160.8893673195919,162.47465639328644,3.6305494539328773,87
118,"b00000000000000000000000000000000011000000001110000000000000000000000000000000000",0,3109.51605049102,"b00000001011111001100000011001001101001000111110010000000010111101100110100001000",28,1,0,-1,0.6556165521776305,246.5457108658302,335.76462571164393,4.534833218758655,88
119,"b00000001010100011100000011000001000001000110110110000000011001101100110100011001",0,5868.4265225829795,"b00000001011111001100000011001001101001000111110010000000010111101100110100001000",9,5,0,0,0.7964417704802695,7.246808158008322,410.1467259290287,4.536719529610096,88
120,"b00000001000000001100000011000001111001000111100100000000010111101000110100001000",0,6464.581833556585,"b00000001011111001100000011001001101001000111110010000000010111101100110100001000",9,2,0,0,0.7757894913425487,467.47344355671976,108.90644139740654,0.1275608357528954,89
121,"b00110100000001011010000000000000101100000100111100000000010000101101100010000000",0,4343.890533353845,"b00000001011111001100000011001001101001000111110010000000010111101100110100001000",21,11,0,1,0.7400898639421128,311.8835454779122,490.12515552118833,2.2759912745448543,90
122,"b00000000010100001100000011001001100001000111110000000000010111100100110100001000",0,7848.953553388643,"b00000001011111001100000011001001101001000111110010000000010111101100110100001000",7,0,0,0,0.6849682139458335,121.7446066048551,204.4674087768719,1.310883743782961,90
123,"b00000001010000001100000011001001101001000111110010000000010101101000110100000000",0,7061.11956000049,"b00000001011111001100000011001001101001000111110010000000010111101100110100001000",7,0,0,0,0.6630281194815576,261.31557272612656,243.66312839165818,4.1108421717665795,91
124,"b00010000101100010111101000000001001101100010010110010011000000100000101010000000",0,8256.220428831199,"b00000001011111001100000011001001101001000111110010000000010111101100110100001000",6,0,0,0,0.6763401646739535,220.97546095082427,223.94015490824876,0.9506006148246402,92
125,"b00000011000000001100000011000001101001000011110010000000010111100000010000001000",0,6816.808397012619,"b00000001011111001100000011001001101001000111110010000000010111101100110100001000",11,1,0,0,0.649073613996868,144.04672603443305,220.92922275957883,1.619142494868246,93
126,"b00000000000000000100000011011001101001000110000110000000000111101000110100001000",0,6389.495487959597,"b00000001011111001100000011001001101001000111110010000000010111101100110100001000",12,2,0,0,0.68907869831479,80.60805526422824,420.6805920033984,2.747217432348339,94
127,"b00010000100100100111100000000001001101100110010010010110000000110000001010000000",0,5982.446035300902,"b00000001011111001100000011001001101001000111110010000000010111101100110100001000",10,2,0,0,0.7632195244400442,348.80501500634756,89.0441414747518,4.461468813012567,95
128,"b00000000100000010110001011000001101001100000000000111010010001001100110000001000",0,1967.9755039485153,"b00000001011111001100000011001001101001000111110010000000010111101100110100001000",18,9,0,0,0.7348761161710388,113.10448582904822,364.2729908458629,2.981731726568686,96
129,"b00010000101100010111001000000001001111100010011010000010000010110000100000000000",0,3393.6193326488083,"b00000001011111001100000011001001101001000111110010000000010111101100110100001000",10,2,0,0,0.7157354246215868,381.5909182835092,119.15250684451864,3.0369539585014866,96
130,"b00000001000000001100000011001001101001000111010010000000010011101000110100001000",0,3856.7339307129473,"b00000001011111001100000011001001101001000111110010000000010111101100110100001000",8,0,0,0,0.7491421932842053,324.74058589694397,61.142427184698285,4.453145126655945,97
131,"b00010000001100010010001000001100011001001110110100110110010001100000000100000000",0,2483.106254393494,"b00000001011111001100000011001001101001000111110010000000010111101100110100001000",18,11,0,0,0.7585872164327152,464.4363639615802,176.05799856046988,5.147605499254899,98
132,"b00000000010100001100000011000001100001000101110010000000000111100100110100001000",0,6919.965912061608,"b00000001011111001100000011001001101001000111110010000000010111101100110100001000",9,0,0,0,0.6365072297972416,116.59582919588956,225.78112935014204,2.51206429417799,98
133,"b00010000001100010011111000000000001101100010010110000010000000110000101010000000",0,6682.988289521751,"b00000001011111001100000011001001101001000111110010000000010111101100110100001000",10,1,0,0,0.6818681003696193,121.75156413609488,153.87718930558256,3.079889914243352,99
134,"b00010000001000110111101000010001001111100010010110011011100000110000001010000000",0,6920.736878859652,"b00000001011111001100000011001001101001000111110010000000010111101100110100001000",6,3,0,0,0.7633612337109827,355.5917660171562,91.39284147255927,3.1661981802472203,100
135,"b00000001010000001100000011011001101001100110110010000000010111101000100100001000",0,7405.823172938088,"b00000001011111001100000011001001101001000111110010000000010111101100110100001000",7,2,0,0,0.7096281453378077,202.19357242885565,201.46033052340664,2.737690851403661,101
136,"b00010000101100110111001000000001001011100010010110010011000000110000101010000000",0,7366.448363474241,"b00000001011111001100000011001001101001000111110010000000010111101100110100001000",5,0,0,0,0.7528080825826194,63.54235896220192,491.93893373698916,4.117470111332214,102
137,"b00011000101110010111111000000001101101000010110110010011000010110000101010000000",0,5298.9345626083705,"b00000001011111001100000011001001101001000111110010000000010111101100110100001000",6,6,0,0,0.874401206907959,497.0348420692537,4.786869746096616,4.147781531031233,103
138,"b00000001000100001100000011001001101000000100110010000000011111101000110000000000",0,6603.231721113927,"b00000001011111001100000011001001101001000111110010000000010111101100110100001000",10,1,0,0,0.7396846647783872,418.41082563004215,178.54497892697862,4.470116864247747,104
139,"b00000001010000000000000011001001101001000100110010000000010111101000110100001000",0,6187.145753651287,"b00000001011111001100000011001001101001000111110010000000010111101100110100001000",9,0,0,0,0.7092514042431955,357.50715979079456,469.7932785020688,1.7785679911315508,105
140,"b00000000000100001100000011000001101001000010110000000000010111101000110100000000",0,7363.056719244592,"b00000001011111001100000011001001101001000111110010000000010111101100110100001000",11,0,1,0,0.712648694730188,148.6114649116993,262.08754601478574,4.355535606451433,106
141,"b00000000000000000000000000000000000000000000110000010011000000000000000000000000",0,3669.8503762294367,"b00000001011111001100000011001001101001000111110010000000010111101100110100001000",28,1,1,-1,0.6698986454646525,133.25017238238541,40.901172074172194,5.846166055483437,107
142,"b00010000001100110001101010000000001111100010000110010010000000010000001000000000",0,5525.275031829722,"b00000001011111001100000011001001101001000111110010000000010111101100110100001000",12,1,0,0,0.6968878231792257,193.21808656077985,449.9158678341869,5.787741933256138,107
143,"b00010000001100110110001000000001101001100010010110010001000000110000000010000000",0,6669.668568248089,"b00000001011111001100000011001001101001000111110010000000010111101100110100001000",11,1,0,0,0.7334880618406643,315.74217660231045,35.64463387307185,5.448692349670709,108
144,"b00000000010100001100000011001001101001000110110010000000010001100000110100001000",0,7303.815253787224,"b00000001011111001100000011001001101001000111110010000000010111101100110100001000",9,0,0,0,0.6496499070655238,125.72096625259242,312.9210862464511,4.117797691535348,109
145,"b00000011010000111100011101011001101101000000110110111000010111001110000000001000",0,2554.066470926588,"b00000001011111001100000011001001101001000111110010000000010111101100110100001000",12,13,0,0,0.7468037170299916,318.4161283073537,69.55658157102523,2.307573310067701,110
146,"b00000001010000001100000011001001111000000110110010000000010111001100110100001000",0,8108.887494548431,"b00000001011111001100000011001001101001000111110010000000010111101100110100001000",7,1,0,0,0.6638626283020458,99.08879711922634,239.6106434318457,2.066657286033759,110
147,"b00000000000000010010000100001000101111100011000000011011011000000000100000000000",0,3698.160759858297,"b00000001011111001100000011001001101001000111110010000000010111101100110100001000",20,7,0,0,0.7219612958527202,177.18466052943035,281.3355601749618,4.528831183999786,111
148,"b00000000010110001011000000000000100111100101110010001110000010010000010001000000",0,1119.4135905719825,"b00000001011111001100000011001001101001000111110010000000010111101100110100001000",20,11,0,0,0.8013484681180607,163.27792689922413,477.73473083573305,0.4196793728882626,111
149,"b00000001010000001000000001001001001000000111010000110000010111101100110100001000",0,5917.411660325952,"b00000001011111001100000011001001101001000111110010000000010111101100110100001000",10,2,0,0,0.7150672690823443,329.62024804696813,433.74128369541086,3.234013861902701,111
150,"b11000010000011000000110000001001100000000011110000000000000000000101000010110010",0,2144.7118569078066,"b00000001011111001100000011001001101001000111110010000000010111101100110100001000",22,10,0,-1,0.8458500306172508,259.05136196824304,29.770146617466583,1.8205502949319778,112
151,"b00000000000000001100000001001000101001000110010000000000010111100000110100001000",0,5555.036974551451,"b00000001011111001100000011001001101001000111110010000000010111101100110100001000",13,0,1,0,0.6955070931049198,259.2161123463602,246.23663667837778,0.379396838687584,112
152,"b00000000010100001100000010001001101001000111110000000000010101000000110100001000",0,5530.6185159991655,"b00000001011111001100000011001001101001000111110010000000010111101100110100001000",10,0,0,0,0.6601945406756331,129.2795921153961,128.63898274917148,3.2348640537058104,113
153,"b00110000100100110111001000000000001111000010010110010011000000110000101010000000",0,7214.884971959211,"b00000001011111001100000011001001101001000111110010000000010111101100110100001000",7,1,0,0,0.7000400774754437,170.9154214166213,117.05415074271423,4.581055543878785,114
154,"b00000001010000001100000011001001100001000001110110000000010111100000010100001000",0,5926.497120006112,"b00000001011111001100000011001001101001000111110010000000010111101100110100001000",10,1,0,0,0.682475614121501,53.206665252409096,338.75281620513925,1.722916853502384,115
155,"b00000000100000010110011011001001101001000000010010111110010010011000110000011000",0,3063.5945449336464,"b00000001011111001100000011001001101001000111110010000000010111101100110100001000",17,13,0,0,0.7524590171384842,316.676765745552,257.3476710533028,3.1996464326426706,116
156,"b00000001010000001100000011001001101001000110110110000000010011101100110100000000",0,7408.634742520163,"b00000001011111001100000011001001101001000111110010000000010111101100110100001000",7,1,0,0,0.6722232330858404,166.35957417780466,41.36032181719319,2.691623621138177,116
157,"b01000001010000101100010011000011001001000000110100110000010010010001100000010000",0,3430.9735279962765,"b00000001011111001100000011001001101001000111110010000000010111101100110100001000",18,10,0,0,0.7810275652279807,242.60505967567542,420.9438952506953,3.4390738144296487,117
158,"b00001000000000100000000111000000001000000011110100000110000000000000000000000000",0,2421.529158293633,"b00000001011111001100000011001001101001000111110010000000010111101100110100001000",25,6,0,0,0.7074029602310921,384.0202802725316,111.45175192413613,4.723130618521433,117
159,"b00000000000110000000001100000000100100000001000111000001001110111110000010100000",0,1085.4202797109465,"b00000001011111001100000011001001101001000111110010000000010111101100110100001000",22,11,1,0,0.7243924853016194,107.30335240316414,469.45850271727005,4.110560377143779,117
160,"b00010000100100100111001000011001001001100010000110000011000000100000101010000000",0,6294.555600554286,"b00000001011111001100000011001001101001000111110010000000010111101100110100001000",11,2,0,0,0.7630703713086279,491.71882140989896,349.48077930337337,1.2142809804263752,117
161,"b00000001010000001100000011001001111001000111100010000000000101101000110100011000",0,6991.386381405255,"b00000001011111001100000011001001101001000111110010000000010111101100110100001000",8,2,0,0,0.7573206268700269,443.9695902718123,496.63412394417344,1.7366858620802623,118
162,"b00000001000100011100000011001000001001000110010010000000010110101000010100001000",0,5495.439289009721,"b00000001011111001100000011001001101001000111110010000000010111101100110100001000",11,1,0,0,0.7152188852140507,1.7003267229904775,473.74409538169095,1.4635551956824804,119
163,"b00010000000100000011001000000001000101100000010010011011000000100000001010000000",0,7091.469741702853,"b00000001011111001100000011001001101001000111110010000000010111101100110100001000",15,1,0,0,0.7302532128000111,132.5190437788845,88.40789176958816,1.9106479375135206,120
164,"b00000001010000001100000011001001101001000111110010000000000111101000000100001000",0,8165.547148179693,"b00000001011111001100000011001001101001000111110010000000010111101100110100001000",8,0,0,0,0.6360109582823464,166.14454225482362,258.6990561404677,5.659477094980035,120
165,"b00010000101100010111101000000000001001000010010110010000000010110000000000000000",0,6123.432781401161,"b00000001011111001100000011001001101001000111110010000000010111101100110100001000",13,1,-1,0,0.7129951663847249,333.2935733640494,350.60904447105366,2.3117629565000155,121
166,"b00010000100111010111101100000000001001100010010110000000000000110000001011000000",0,6952.499073804331,"b00000001011111001100000011001001101001000111110010000000010111101100110100001000",12,4,0,0,0.7331432760744244,253.03063179755716,339.61900512711134,4.471489294919545,122
167,"b00000000010000001100000011000001100001000110110110000000010011100010010100001000",0,7034.814179586478,"b00000001011111001100000011001001101001000111110010000000010111101100110100001000",12,2,0,0,0.6768771256498245,231.2644109353372,236.22863375772917,0.9439991352105503,122
168,"b01000001010000010100011011000011111011000000110000110000111010000001100000010000",0,3045.227116550418,"b00000001011111001100000011001001101001000111110010000000010111101100110100001000",18,13,0,0,0.74967941770285,247.80296001203624,301.1444541729132,2.855800546391331,123
169,"b00000001010100001100000011001001111001000101110100000010011001101000100100001000",0,6507.938700066743,"b00000001011111001100000011001001101001000111110010000000010111101100110100001000",9,4,0,0,0.774172379135365,401.6683724398026,105.63771938868766,4.383947759582982,123
170,"b00000001010100001100000000001001100001000110110110000000000111101100110000001000",0,4791.1111217805055,"b00000001011111001100000011001001101001000111110010000000010111101100110100001000",9,1,0,0,0.6808087168566538,359.8081123608175,440.71524287676885,1.486898270531308,124
171,"b00000001010100001100000011001001001001000101110010000000010111101000100100001000",0,5855.189089098765,"b00000001011111001100000011001001101001000111110010000000010111101100110100001000",7,0,0,0,0.6748654955948388,59.806924657585206,329.3372258273038,2.452367144243639,125
172,"b00000000010100001100000011001001101001000110110010000000010110101100110100000000",0,4004.837064319168,"b00000001011111001100000011001001101001000111110010000000010111101100110100001000",7,0,0,0,0.6671494607178596,200.43879155797643,150.26415807134038,2.943147049406128,126
173,"b00010000100100000111001000100000001111100010000110000001000000110000001010000000",0,5643.843161451414,"b00000001011111001100000011001001101001000111110010000000010111101100110100001000",12,1,0,0,0.750909512046779,319.17436283533834,103.95483044593911,4.134780747208107,127
174,"b00000001010100001100000011111000100000000000110010000000010011001000110100001000",0,6169.9585223679605,"b00000001011111001100000011001001101001000111110010000000010111101100110100001000",12,2,0,0,0.7182572495073868,391.04350923207414,303.96089064256734,2.5913320857749587,128
175,"b00000000000000000000000011010001101101100111100100000000011011101001010000001011",0,4197.679020140077,"b00000001011111001100000011001001101001000111110010000000010111101100110100001000",15,8,1,0,0.7279426944591375,175.8790168119818,98.50032957289561,5.8058741168860575,129
176,"b00000001010100001100000111001000101000000110110000000000010111001000100100001000",0,7432.705909407995,"b00000001011111001100000011001001101001000111110010000000010111101100110100001000",10,1,0,0,0.6774745889591028,58.8455771754821,274.2875623406614,4.632009830429193,129
177,"b00000000001100010010011000011001001101000010111110110010010001001000000000000100",0,3478.935808380922,"b00000001011111001100000011001001101001000111110010000000010111101100110100001000",17,10,0,0,0.7605606069023033,31.270114013448236,19.45731974836951,1.1591842512325208,130
178,"b00000000100001000000000111011001000000000000000000000000000000000000000000000000",0,2405.213330977399,"b00000001011111001100000011001001101001000111110010000000010111101100110100001000",27,3,-1,0,0.6699902357527133,438.0115497923535,333.0916590546546,4.502494529765851,130
179,"b10010000001100010010100000011111001100000000110110000111111000110000000100000000",0,3021.563841909912,"b00000001011111001100000011001001101001000111110010000000010111101100110100001000",16,11,0,0,0.7838442831012712,55.39507723682776,463.22302524061655,3.91646455936543,130
180,"b00000000101100100111001000000000000001100010010110010011000000110000101000000000",0,5530.70069786273,"b00000001011111001100000011001001101001000111110010000000010111101100110100001000",11,0,0,0,0.6543980559193796,84.72176724153083,334.09927686742094,4.964367838318477,130
181,"b00000001110000001100000010001001101001000110110100000000011110101000110100001000",0,7206.004753028258,"b00000001011111001100000011001001101001000111110010000000010111101100110100001000",9,3,0,0,0.7371780890852785,190.4593537535337,55.03732207594189,5.604229329748025,131
182,"b00000000000000100000000000000000000000100000001100000000000000000000000000000000",0,2164.868979394348,"b00000001011111001100000011001001101001000111110010000000010111101100110100001000",29,1,0,1,0.6929655943002964,76.45164742323318,164.55036459652638,0.09068741807074589,132
183,"b00000001010000001100000011001001101000000100110110000000010111101100010000001000",0,7020.950077798021,"b00000001011111001100000011001001101001000111110010000000010111101100110100001000",9,1,0,0,0.6813550632242115,244.021746472519,372.6471212688108,5.67531002368097,132
184,"b00000001010000001100000011001001100001000111100010000000010101101000100100001000",0,8507.052046801378,"b00000001011111001100000011001001101001000111110010000000010111101100110100001000",9,0,0,0,0.6863132206907216,291.32311930426425,342.98842139796784,5.360428777348023,133
185,"b00001011000000100110001011001001101000000111000000100000000000000000000000000000",0,4755.525410092524,"b00000001011111001100000011001001101001000111110010000000010111101100110100001000",21,6,-1,0,0.7542432991532435,469.7767786393712,27.4003366038097,1.5098528629787973,134
186,"b00000000000000000010000000011000001000100011101100011001000000110000000011000000",0,4098.595639905338,"b00000001011111001100000011001001101001000111110010000000010111101100110100001000",22,7,1,0,0.7372116560618636,436.6436378754089,206.63074591933497,6.11755678681234,134
187,"b00001000000110100000011100000000001100000000100000000000010000000101100000000000",0,2873.9555406104064,"b00000001011111001100000011001001101001000111110010000000010111101100110100001000",25,7,0,0,0.7099730475483924,462.26255222032404,332.32801743278867,0.5108769960836895,134
188,"b00000000000000001000000010000000011110000001010000001111111001011000111000000000",0,698.3854519194402,"b00000001011111001100000011001001101001000111110010000000010111101100110100001000",22,11,0,0,0.7140476450313868,104.57799470974562,2.732940711296565,4.832907572685506,134
189,"b11010000000100010110011001011101001101001110101100010110010001100000000100000100",0,2252.712030655264,"b00000001011111001100000011001001101001000111110010000000010111101100110100001000",17,16,0,0,0.78184988567039,470.89570165887613,414.8014851394646,3.912107147527775,134
190,"b00000001010000001100000001001001100001000111100010000000000011101000110100001000",0,6573.717233817058,"b00000001011111001100000011001001101001000111110010000000010111101100110100001000",10,0,0,0,0.7277588306782171,32.833841546164145,300.5226078557366,3.6424237272976843,134
191,"b00010000101100110011111000000001101101100010010110010001000000110000001010000000",0,7579.1225985673445,"b00000001011111001100000011001001101001000111110010000000010111101100110100001000",7,2,0,0,0.6896192359588077,242.45247834559305,320.09794249304986,2.3219080186876164,135
192,"b00000001010000000100000011001001001001000010110010000000010101101000110100001000",0,6706.57406365373,"b00000001011111001100000011001001101001000111110010000000010111101100110100001000",10,0,0,0,0.753156775619629,440.8754093588552,24.848651080592987,5.94097444191908,136
193,"b00000001000000000100000011001001101001000111110110000000010110101000100100001000",0,7097.740984850007,"b00000001011111001100000011001001101001000111110010000000010111101100110100001000",9,1,0,0,0.7026925099211755,287.18978335517494,444.39378549920843,1.4818605463801537,137
194,"b00010000101100110011001011000001001101100010010110010011000000100001101010000000",0,7707.186013789495,"b00000001011111001100000011001001101001000111110010000000010111101100110100001000",6,2,0,0,0.6899541254090358,202.73213786922088,436.61684272243554,0.6638604145472562,138
195,"b00010000001100010011010100110001000111100000010110000011000000001000001010000000",0,3977.6186723730743,"b00000001011111001100000011001001101001000111110010000000010111101100110100001000",14,5,0,0,0.7545038891856112,499.72781179879456,81.43513165539457,0.8933484004114598,139
196,"b00000001010100001100000011001001100001000111110100000000010011101000010100001000",0,7469.178954518857,"b00000001011111001100000011001001101001000111110010000000010111101100110100001000",8,1,0,0,0.7234417568542231,33.076066084805426,92.5255975856311,2.8667332171649678,139
197,"b00000001010000001100000010001000100001000111110010000000010111101000110000001000",0,8012.1743992502015,"b00000001011111001100000011001001101001000111110010000000010111101100110100001000",9,0,0,0,0.6687624380529121,227.55240125362056,375.7475185098692,0.37930469915790554,140
198,"b00000001010000000100000001001001101001000110110010000000010011101100100100001000",0,3223.114336363731,"b00000001011111001100000011001001101001000111110010000000010111101100110100001000",9,0,0,0,0.6884089639469149,435.886512989509,376.5213011986974,5.871528507689762,141
199,"b00010000001000110110100000000001001111100010011110010011000000110000001011000000",0,5964.144867973866,"b00000001011111001100000011001001101001000111110010000000010111101100110100001000",8,2,0,-1,0.7493296723015362,0.7627010459306708,93.2108208089582,4.918367354416603,142
200,"b00010000100100010111101000000000100111100010011000010010000000100000101010000000",0,7135.805955704363,"b00000001011111001100000011001001101001000111110010000000010111101100110100001000",11,2,0,0,0.7714389233822607,449.87160400165243,368.07520871838966,2.109921042325891,143
201,"b00010000100100010111101000001001101111100010010110010011000000010000001010000000",0,6070.45491800222,"b00000001011111001100000011001001101001000111110010000000010111101100110100001000",7,2,0,0,0.7501169760695053,80.00956812693947,24.026485638073126,3.920825256399441,144
202,"b00000000001110000000011001101101000001110010010000110011111000001001001000000000",0,2026.960446467389,"b00000001011111001100000011001001101001000111110010000000010111101100110100001000",21,14,0,0,0.7613806014521252,444.37376965474135,258.9670061248114,0.11075448012420055,145
203,"b00000001011100011100000011001000101001000111110000000000010111100110100100001000",0,2925.6256847496725,"b00000001011111001100000011001001101001000111110010000000010111101100110100001000",6,2,0,0,0.7259749089253666,194.41081191992495,210.52166647406364,1.589399920427377,145
204,"b00010000101000110011001000000001001110100010010110010011000000110000000010000000",0,5190.604669523161,"b00000001011111001100000011001001101001000111110010000000010111101100110100001000",9,0,0,0,0.694923140337019,94.3906229225377,230.09472379014372,4.076350669909682,146
205,"b00000001010000001000000011001001100001000110110010001000000110101100110100001000",0,6656.700088249598,"b00000001011111001100000011001001101001000111110010000000010111101100110100001000",9,1,0,0,0.7389302076141081,420.83605011328524,484.13200771423817,1.8813561862093207,147
206,"b00000000001100100111100000000000001101100010010100010011000000110000001010000000",0,6712.780032420366,"b00000001011111001100000011001001101001000111110010000000010111101100110100001000",11,0,0,0,0.7189159582790725,39.460314407697986,99.34818711369842,4.8359059875656225,148
207,"b00000000000000010010000010110001100000000110000000000000000000000000000000000000",0,3063.602888389785,"b00000001011111001100000011001001101001000111110010000000010111101100110100001000",27,4,-1,-1,0.7050791777486674,73.64999641374591,284.5908667704849,3.207009577721012,149
208,"b00000000010100001100000011001001100001000011110110000000010011101100110100001000",0,4353.850901298148,"b00000001011111001100000011001001101001000111110010000000010111101100110100001000",7,1,0,0,0.7082371892690835,104.60377826796442,369.19560441953195,2.8823477286643815,149
209,"b00000001010100000100000001001000101000000111110010000011010111101100110100001000",0,7390.061524831712,"b00000001011111001100000011001001101001000111110010000000010111101100110100001000",7,2,0,0,0.7583736985066214,17.512929535252656,48.67757961668796,5.407970768937604,150
210,"b00010000001100010111011000000001000010100010010110010011000000100000000010000000",0,2928.4763162533154,"b00000001011111001100000011001001101001000111110010000000010111101100110100001000",12,1,0,0,0.7079914815608309,67.22525006942166,273.39251655036065,2.0464871028776512,151
211,"b00000000000000100000000001000000000000000000000000000000000011010000000000000000",0,1699.2050937674906,"b00000001011111001100000011001001101001000111110010000000010111101100110100001000",29,2,-1,-1,0.7334169730890585,89.40202702113561,128.78391002110072,2.223535470713311,152
212,"b00000001000000001100000011001001101001100100110010000000010001101000110100001000",0,6858.799802994059,"b00000001011111001100000011001001101001000111110010000000010111101100110100001000",10,1,0,1,0.7131118295024221,154.50112025104957,361.45949517941074,2.366070626218092,152
213,"b00000100000000010000000011000001110100001100010100001101001000000001110000000101",0,1646.55398162162,"b00000001011111001100000011001001101001000111110010000000010111101100110100001000",23,12,0,0,0.7919156436025612,15.340385671272614,229.84337473622008,1.99275697327387,153
214,"b00000000000000000000000110000000000000000011000000000000010000000001100000000000",0,1390.9305185562257,"b00000001011111001100000011001001101001000111110010000000010111101100110100001000",27,2,1,-1,0.6567418693640277,224.049787028452,260.132506724154,2.7336186588883904,153
215,"b00000001000000001100000011001001101001000110000010000000010111101000010100001000",0,6799.365576746994,"b00000001011111001100000011001001101001000111110010000000010111101100110100001000",10,0,0,0,0.7362389974992127,186.1133554639043,145.0468574317726,2.2973435089013585,153
216,"b00000001010100001100000011110001101001000111110000000000010111101000100100000000",0,5258.771919234914,"b00000001011111001100000011001001101001000111110010000000010111101100110100001000",8,2,0,0,0.7721527271790588,491.0720472141867,357.2860758144357,0.4397396601806901,154
217,"b00010000001100010111101000000001001111100010000110000010000000110000001010000000",0,6488.18366244373,"b00000001011111001100000011001001101001000111110010000000010111101100110100001000",9,0,0,0,0.6902651531850411,129.00463283582076,367.9147621226636,2.1480043145955285,155
218,"b00000000000000110000000011000000001100000000000000000000000000000000000000000100",0,1640.1392867773477,"b00000001011111001100000011001001101001000111110010000000010111101100110100001000",28,3,0,0,0.7281386537327122,239.30204444623706,493.1883628394463,1.2171220466710757,156
219,"b00000000101100010110101010000001001101100010010110010011000000110000001010000000",0,5387.405206101452,"b00000001011111001100000011001001101001000111110010000000010111101100110100001000",8,1,0,0,0.7172142417996707,501.08529444542387,197.64630819225803,1.7933334668516263,156
220,"b00000000000000000100000000000000000001100000001110000011110001000000000000000000",0,1547.6438203547473,"b00000001011111001100000011001001101001000111110010000000010111101100110100001000",25,4,0,1,0.6706710956133127,397.06108879131045,386.56031876444166,2.4573735500593656,157
221,"b00000000000000000000000000000000100000000010010000000001000000001000000000000000",0,2030.4888405694373,"b00000001011111001100000011001001101001000111110010000000010111101100110100001000",28,1,1,-1,0.7238539367280177,111.0265687287856,200.50668277608418,4.987023915016961,157
222,"b00000000001000110010000001100001001111100110110000010000000000000001000000000000",0,4148.439677650307,"b00000001011111001100000011001001101001000111110010000000010111101100110100001000",18,4,-1,0,0.7009021171972544,10.475913248267851,451.6183400447164,5.433670495468045,157
223,"b00010000100100110101101000000000001011100010010110010011000000100000001010000000",0,7173.708303901609,"b00000001011111001100000011001001101001000111110010000000010111101100110100001000",9,0,0,0,0.6893490306808558,141.3941109777207,450.73474774337126,4.569851990469743,157
224,"b00000000000000000000000000000000000101000000010111000000000001101011000000000000",0,1865.7569519962692,"b00000001011111001100000011001001101001000111110010000000010111101100110100001000",24,3,0,0,0.7279450277614297,456.4655351598163,188.4853121385441,5.4172171969243905,158
225,"b00000000000000000000000011001001101001000111110010010000010111101000100100001000",0,6747.477406370601,"b00000001011111001100000011001001101001000111110010000000010111101100110100001000",10,1,0,0,0.7122402157022231,110.5995700766295,433.87516980350244,1.9951010686000137,158
226,"b00000100000001100000001110100000000001000000100000000010010000011000010000000010",0,654.3263369549306,"b00000001011111001100000011001001101001000111110010000000010111101100110100001000",25,8,0,0,0.7316144389096534,154.17455933925444,82.56658555649571,6.282093877828161,159
227,"b00000011010000100101010100010000001000000000000000000000000000001010000000000000",0,1673.8515938816774,"b00000001011111001100000011001001101001000111110010000000010111101100110100001000",27,7,0,0,0.7996494632375063,73.73598654877021,2.681101711929267,4.079944347282678,159
228,"b00000000000000000000000000000000011000000001000110000000000000010000000000000000",0,1272.3267579050944,"b00000001011111001100000011001001101001000111110010000000010111101100110100001000",28,2,0,-1,0.7010546119420228,377.5670613255994,340.6616281969794,2.7224934971635877,159
229,"b01000001000000111100010010011001101011000000010000110110111011000000110000010000",0,1852.6395497551457,"b00000001011111001100000011001001101001000111110010000000010111101100110100001000",17,13,0,0,0.806563487125008,269.7026047494969,9.186847375694366,1.0549615892718123,159
230,"b00000000000000000000000000000000000000000000000000000010000000000000000000000000",0,3803.476144969445,"b00000001011111001100000011001001101001000111110010000000010111101100110100001000",31,0,1,0,0.572922029963274,21.291706176666352,69.50442225163752,3.4294617786930695,159
231,"b00000000010000000100000001000000001000100011000010001010000000011000000001100000",0,1917.6135343388282,"b00000001011111001100000011001001101001000111110010000000010111101100110100001000",24,6,0,0,0.7142385053784469,502.0349556609123,380.1574226494246,4.263381320837304,159
232,"b01010010001100100000000110100000011110000100001100010001011100011010000010000000",0,321.79117987843415,"b00000001011111001100000011001001101001000111110010000000010111101100110100001000",19,12,0,0,0.8151800954601662,508.4896190281631,200.54717303772517,2.871533564828371,159
233,"b00000000001000110111001000001001001111100010011110011001000000111000001010000000",0,1535.3675556309759,"b00000001011111001100000011001001101001000111110010000000010111101100110100001000",9,4,0,0,0.7450333804349796,0.7815181528597569,143.29477970148406,0.4906558633947343,159
234,"b00000001000000000000000000000000011000000001100000000000000000000000000000000001",0,1751.1858513884308,"b00000001011111001100000011001001101001000111110010000000010111101100110100001000",28,2,0,0,0.7763669106824751,341.386595305386,367.3691077023942,2.8185804828196535,160
235,"b00000100000000000000000000000000011000010000100100000000000000000000000000000000",0,1922.2919977630067,"b00000001011111001100000011001001101001000111110010000000010111101100110100001000",30,4,0,0,0.6641665315020482,64.99045008006114,102.60151012127216,5.537586522006258,160
236,"b00000000000000000110000000011100000001000011010000000000000000000000000000000000",0,2091.5210021005137,"b00000001011111001100000011001001101001000111110010000000010111101100110100001000",26,3,-1,1,0.7272573370157033,296.89272110751,61.595133370091574,5.478882177312332,160
237,"b00000000000000000000000000000000000000000000011100000001001000000001110000000000",0,2557.531680864278,"b00000001011111001100000011001001101001000111110010000000010111101100110100001000",26,2,1,1,0.7042171308312348,140.2020476974967,52.49554015610495,2.508071091602247,160
238,"b00000001010100000100000001011001100001000011010010000000010101101100110100001000",0,2352.733847877066,"b00000001011111001100000011001001101001000111110010000000010111101100110100001000",9,1,0,0,0.7304465394527292,226.79501235258934,403.08575140342265,4.661315547040184,160
239,"b00000000000000000000000000000000000111000000011110000000000000000000000000000000",0,3488.211600464036,"b00000001011111001100000011001001101001000111110010000000010111101100110100001000",26,1,0,1,0.7008793864596189,267.3805866526134,407.57883984769757,1.777957913747846,161
240,"b00000000000000000000001000000001100000001111000000000000000001000000000000000000",0,1568.384210422245,"b00000001011111001100000011001001101001000111110010000000010111101100110100001000",26,2,1,-1,0.6830440422913903,501.2102714793387,251.31119090681693,5.938357969084748,161
241,"b00000000000001000000001001000000011000000000100000000000000000001000000000000000",0,2013.4628238760818,"b00000001011111001100000011001001101001000111110010000000010111101100110100001000",27,2,-1,-1,0.6369792076542025,242.86427269297198,320.0436213125778,4.057809428176471,161
242,"b00000000000000000000000000000000001110000000010110011000000001100000000000000000",0,2062.026641287406,"b00000001011111001100000011001001101001000111110010000000010111101100110100001000",24,2,1,0,0.706012237178877,39.366308578821766,99.01736266258128,2.9870674878086856,161
243,"b00000000000001000000011011000001100010000000100000000001011000000101100000000000",0,2317.086007733723,"b00000001011111001100000011001001101001000111110010000000010111101100110100001000",23,6,0,0,0.7081066371091106,232.08980665193107,440.2617170165486,3.713084162491481,161
244,"b00000000000000000000000000000000000101100000110110011111000000110000000000000000",0,3307.994882478237,"b00000001011111001100000011001001101001000111110010000000010111101100110100001000",21,3,1,0,0.6448720613479383,461.37500915162735,340.0641062989837,3.9831005565544615,161
245,"b00001000000011000000001110000000101000000000011000000001110000000000000000000000",0,2468.6471078233026,"b00000001011111001100000011001001101001000111110010000000010111101100110100001000",25,6,-1,0,0.7024874723354992,209.39535896849722,38.329094581977365,3.123475796435393,161
246,"b00000000000000010000000000110000001111000000011000000000000000000000000000000000",0,2790.131396433758,"b00000001011111001100000011001001101001000111110010000000010111101100110100001000",26,3,0,1,0.6854032897283031,321.455707252904,97.11641608790347,4.523992249815803,161
247,"b00000001000000111000001011101000001101000101100000110110000000000000000000000000",0,1531.750216951671,"b00000001011111001100000011001001101001000111110010000000010111101100110100001000",22,9,0,0,0.7273070352024813,450.06716556738894,368.29456870124386,6.033981346278164,161
